City 1,City 2,Distance,Time,Cost
San Antonio,New York,3524,41.382177373904305,41858.553026594025
Chicago,Houston,3537,40.732793830781794,50725.927514016665
Los Angeles,San Diego,2546,63.4169028426137,24737.833734175038
San Antonio,New York,2659,44.41649419196811,19290.893579267988
Los Angeles,Philadelphia,1993,25.475582699039045,25463.253550994406
Philadelphia,San Jose,501,6.551183556566714,5885.299172695228
San Antonio,Dallas,3801,31.784026474305882,62542.431212734
Los Angeles,San Diego,3017,71.61471769220684,21277.800268391977
Los Angeles,New York,3393,31.50029434391811,59366.03006503355
San Diego,Phoenix,4267,40.41053877729408,39870.91261413426
New York,Phoenix,1907,21.234234271679668,12737.383588666515
Dallas,Phoenix,1301,18.976956233254786,16415.358563510585
Dallas,Los Angeles,553,5.6752074853330035,4700.099676641459
Dallas,Philadelphia,2890,28.549099317220954,35536.111062822514
San Jose,Los Angeles,4249,79.24009132661541,32223.192160725917
San Jose,San Antonio,4907,91.56393115335966,80537.1374139134
Dallas,Phoenix,1980,41.74374884087273,38581.00229691714
New York,Los Angeles,600,5.60026116098499,4306.7070131587925
San Antonio,Philadelphia,1766,18.26926068640251,31047.777322373782
Houston,Los Angeles,2950,42.15253485408574,25883.58870932811
Philadelphia,Houston,1160,10.281306995251954,17243.741129716796
Dallas,Houston,4579,67.6037979533168,51491.25572725735
Chicago,Los Angeles,200,1.9255923039750344,1503.2591930083383
Dallas,Chicago,1146,17.202146185063825,13786.24476426975
San Jose,San Antonio,3336,38.03315841930593,25900.90159388261
San Diego,Houston,2053,17.256100359102938,16418.510645638064
San Jose,New York,2783,29.419677517061622,31020.125716468712
Phoenix,San Jose,1529,12.853737085253506,18588.132514430825
San Antonio,Los Angeles,4785,58.75385808869723,34602.45054633392
Chicago,Houston,3974,88.47295708410333,39245.60081921678
New York,Phoenix,2813,26.798555274141947,31849.48352869531
San Diego,Phoenix,1091,10.46497053776379,8685.182538129182
Philadelphia,Phoenix,1948,25.7036951500994,16241.851568110014
San Jose,Los Angeles,3827,70.37898756672189,48038.06330528428
Houston,San Antonio,1678,19.976524220457897,19898.1982727468
Philadelphia,Phoenix,4815,95.1167103699265,38895.50640136002
Houston,San Antonio,2528,28.509436837676052,25694.202961611067
San Antonio,Chicago,3882,36.89493665646842,28284.569850713666
Philadelphia,San Antonio,2720,51.89727171595732,42356.13515064954
Dallas,Chicago,4514,110.8265638421435,37472.99488623334
Dallas,New York,4544,82.76718559947717,44281.376182227286
Philadelphia,New York,1331,13.45998121929971,13530.036068678455
San Jose,Chicago,4690,81.14310823243665,59140.73242765628
San Jose,New York,1646,25.903986522801045,21752.0550871494
Dallas,New York,1604,32.71030011891569,15541.90695450272
San Antonio,Chicago,4770,57.47424386492375,32467.336815000348
Houston,Phoenix,2723,48.17327195908884,30736.278784501
Philadelphia,Phoenix,3141,73.73349316095567,21535.728935080024
San Jose,San Antonio,4310,43.26559723766851,40573.778380633754
Chicago,San Antonio,3323,27.723126948508902,38307.94876842736
Philadelphia,San Antonio,4786,65.60520542401291,32140.288237409368
Los Angeles,San Jose,534,10.261604396016367,8072.778539754173
Los Angeles,Houston,2130,21.006822234778202,30637.862252291972
Dallas,San Antonio,2042,48.073547489327545,15338.892111309386
Chicago,Houston,1500,12.964452508322347,10368.519882628156
Houston,New York,158,2.7094271465406896,2540.7069928138776
Dallas,San Jose,855,15.888878040430995,13293.745738419557
Philadelphia,Dallas,1228,15.532101423875334,20231.12137045188
San Diego,Dallas,3689,37.14297415447885,27328.69789068826
Los Angeles,Chicago,3417,29.416800363183572,23474.812221104727
Phoenix,Chicago,3771,53.93710316166044,53564.85517094645
Los Angeles,Dallas,3158,55.576169116260964,24189.44835657828
Dallas,San Jose,1885,18.129628962343062,14610.135985707215
San Antonio,Houston,1259,19.998416307827704,9793.025255355686
Los Angeles,New York,2312,51.28738152812365,35365.17976978042
San Antonio,San Jose,1364,14.705824367484318,14183.51165758352
Los Angeles,San Antonio,4018,42.64789345993715,30867.118284360058
San Antonio,San Jose,3639,40.73481428198788,28494.105587742324
San Jose,Houston,1964,20.804021718662298,17593.464655642085
Dallas,Houston,3816,57.34798611217267,39624.06657598947
Phoenix,San Diego,485,5.252202339366623,4352.287787543031
San Antonio,Dallas,1763,19.17647799754489,19368.03449756055
Philadelphia,Chicago,2750,26.131043260779258,28794.50330392789
Phoenix,San Diego,2293,19.360708959889706,21015.326908316783
Los Angeles,New York,3364,56.09942868816541,25972.150055834645
San Jose,Dallas,104,1.5765823551497038,1553.9862751319954
Philadelphia,San Antonio,192,2.511669342237669,1451.7006405502934
Chicago,Houston,3788,49.79297818680517,66899.55883870138
Houston,Chicago,4501,59.56229680026098,45042.47269587702
San Jose,Phoenix,2510,37.23338274173956,21447.64120154437
New York,San Antonio,2967,58.632708230094345,24523.562233138528
Houston,Phoenix,3972,91.43913796328766,55297.65022075588
San Jose,Houston,4817,41.46500578409392,50728.541106693294
Phoenix,Chicago,3147,72.81214532078148,36183.79815200382
Philadelphia,San Antonio,257,2.8066399964703668,2827.4874593630393
Philadelphia,Houston,1145,15.259646357809663,8282.514449068514
Chicago,New York,3806,56.879731383891695,44014.432625786736
Chicago,San Antonio,2443,27.164711406420544,34012.36459087756
Phoenix,Dallas,1769,17.376248235650646,12267.160593397537
San Jose,Houston,2198,18.40765256227452,14720.936888669712
Phoenix,New York,151,2.5867058630953763,3017.377532824778
Chicago,San Antonio,1989,29.43457645111862,34648.765636177326
San Diego,Phoenix,2536,33.91451853963745,25142.93965293484
Los Angeles,Phoenix,3798,37.84861404912174,35296.93773583211
Los Angeles,New York,1994,19.706413059749977,36239.09173592749
San Antonio,San Jose,2805,63.83339274558472,28731.788373157706
Chicago,Los Angeles,106,0.9445561304945748,1234.7380904970598
Chicago,San Jose,2839,24.59810188464012,22083.108507804256
Houston,New York,1019,25.25792794707192,7878.752624788328
Phoenix,San Diego,2825,25.3987685768408,20054.087795574094
Los Angeles,San Antonio,2333,41.50278783520249,23121.156806806375
New York,Phoenix,1872,41.72490939103172,33151.08034312699
San Jose,Phoenix,119,2.2562819914880965,2324.209927843734
Phoenix,San Antonio,4119,37.564045881087054,28027.725977304846
San Jose,San Diego,1543,16.50890126934764,24212.972766659397
San Antonio,Chicago,2362,43.37132454901226,28665.361116053282
Los Angeles,Dallas,1448,15.592425967061416,24524.35348288483
Houston,Dallas,2428,23.310662237047577,16790.697187114914
Los Angeles,Chicago,4324,41.655711829989045,47835.81422102813
Los Angeles,Dallas,2030,19.907847677057603,17837.997407711682
Dallas,New York,955,12.508724935427463,9254.10038356442
Houston,Chicago,4381,54.40205745040734,43318.21586923606
Phoenix,Los Angeles,4295,67.6046719946008,33374.63805373763
San Jose,San Antonio,2274,23.639274700867883,17313.195688039363
Chicago,New York,1990,21.97087462844058,16417.14342169394
Houston,Phoenix,417,4.736619558049774,3004.9900798173467
San Jose,Phoenix,3346,40.53916770127923,30846.402440596652
Phoenix,Philadelphia,1682,16.168585263031705,21927.73849140424
New York,Houston,2687,46.906903535111695,35143.18655280501
Los Angeles,Chicago,1095,26.743222444019544,15604.877118015702
Phoenix,San Diego,2986,47.509333228369385,34441.04998289118
Houston,San Antonio,4070,33.987183369040174,28731.256185544808
New York,Phoenix,3193,67.78094966019654,45543.79168709447
Phoenix,San Diego,846,7.739146989196208,5782.4386769848
Dallas,Los Angeles,1423,16.10474561567345,10163.7178325417
Houston,Chicago,3271,51.22745774931741,39531.443143790646
Dallas,Los Angeles,4322,46.376994209176054,32725.08385626088
Dallas,San Diego,869,9.780080112480771,6912.676661009901
Houston,New York,1438,13.685594515747342,10593.131087066644
Houston,San Jose,537,7.364081661635513,3860.0908968304984
San Diego,San Antonio,2376,26.19723691808419,26459.115677014594
San Diego,Philadelphia,4114,34.66568826852598,74742.33577780315
Dallas,Houston,1392,20.134157916087567,14586.223283712836
Chicago,San Jose,648,6.356161760963684,4957.094926458009
San Diego,Dallas,232,5.559866041538867,2050.4594629183807
Los Angeles,San Antonio,4037,53.25224923581732,55242.7413863535
Houston,San Jose,2643,46.3225421436209,25486.233387752833
Los Angeles,Houston,4602,59.401031262113385,30900.308705275096
San Jose,San Antonio,3534,49.322821361354215,35780.19688078408
Philadelphia,San Diego,1609,23.97869979612088,23333.074776061727
Phoenix,San Jose,3463,77.12889127320165,38536.99433647693
San Diego,Philadelphia,3657,43.02981361045352,56319.41325111711
San Jose,Los Angeles,4991,47.45096440815592,38656.30533169954
San Antonio,Dallas,1142,16.04033551677993,8312.07129470824
Chicago,San Jose,3124,30.226751759855482,21763.88655071634
New York,San Diego,4530,106.51715708709324,63252.43448339918
San Diego,New York,331,6.482366708747104,2828.8685333002154
New York,San Diego,803,7.596503109098226,13015.565562890564
Chicago,San Jose,1283,29.173530106833653,9472.17205551917
New York,Philadelphia,2399,24.172140089843637,42152.973568030764
Chicago,New York,4229,48.89983480742906,69903.7725234353
San Jose,San Antonio,3501,44.129083882966896,30476.74735607907
Dallas,Philadelphia,3021,31.171822320281674,45961.02547253608
Philadelphia,San Diego,2492,42.52426551927371,19970.756543301883
Dallas,Houston,1172,14.163295393247807,11304.001854591434
Dallas,Chicago,341,2.9392183162352685,4501.227801314608
San Jose,New York,4243,47.260096130990775,57778.453273941974
San Jose,Phoenix,1201,13.209092600639057,9544.213317852633
San Antonio,San Jose,3171,35.39725352906996,25374.3807186844
San Jose,Houston,710,7.212371871235266,4867.997612210226
New York,Los Angeles,236,3.8059773774562835,1717.5135558406398
Philadelphia,Houston,1204,14.873178445706511,14686.463875650568
San Jose,Phoenix,2535,26.254028022116692,17774.309022845104
Los Angeles,Dallas,1335,14.048917611775025,17185.971506120193
San Jose,Dallas,1606,14.944599915022668,18489.274417301236
Dallas,San Antonio,1320,11.08783490628092,18135.68289429406
Los Angeles,San Antonio,4735,87.58612598035567,47850.156632585466
San Diego,San Antonio,4807,42.9475315481638,49629.2203379796
Dallas,Los Angeles,1257,11.282047623947143,10697.91060839871
Dallas,Chicago,2917,37.58701578482178,21154.500591917636
Dallas,San Antonio,3955,36.351129246880156,31701.364319454995
Chicago,San Diego,3560,85.2884506455605,33820.8425338348
Los Angeles,Dallas,2083,30.755697581606636,31957.668857445027
Houston,Dallas,928,12.407305538439585,10502.505118576692
New York,Chicago,1867,24.835093348271787,13133.980488561061
Phoenix,New York,2833,59.657966530568935,35857.980210309586
Phoenix,San Jose,2064,32.062471516103415,30525.60897532919
Phoenix,Chicago,2614,53.30164140803429,33587.48412634503
San Jose,New York,2929,25.132560726479234,40331.298825148035
Dallas,San Diego,1651,23.67220139896711,20450.327315111703
Philadelphia,Los Angeles,114,1.0948203058632682,787.4430596471856
San Antonio,Phoenix,530,4.965380999347385,4122.979301421832
Dallas,New York,4843,67.1614687491229,46426.46974562757
Chicago,San Diego,2177,26.382064138233748,38468.11460349234
New York,Philadelphia,2378,49.75303393435625,24888.691906678592
San Diego,Philadelphia,892,18.67235956237066,9595.647963703297
Chicago,New York,4066,37.54845931031188,32759.758981648072
Philadelphia,San Jose,3808,73.66490842917729,31945.4683223778
San Antonio,Houston,2197,19.181383184822568,18872.707912386868
Chicago,Houston,469,6.0617424617718525,4383.195551977266
Dallas,San Diego,4205,61.66199378077711,74351.32808566238
Dallas,Philadelphia,1946,31.15096993059418,18618.27814332125
Los Angeles,San Diego,3694,79.51006973635172,59399.371181848
San Diego,Chicago,4517,40.67239810357378,34154.84072652002
Dallas,New York,303,5.114181202331191,2288.3330050639915
Philadelphia,San Antonio,2163,22.5547559464182,39661.90453036917
San Jose,San Antonio,1027,17.077484037467865,18068.025271052462
Philadelphia,San Antonio,1044,12.980491986098341,15759.836545041133
San Antonio,Houston,681,11.367252833775261,5500.964920008208
Chicago,San Jose,4397,59.77861570585234,44164.53414687909
Chicago,Los Angeles,1322,21.922863211257358,11961.032237293133
Los Angeles,Philadelphia,1514,15.026401576715012,20538.016735464535
Chicago,New York,740,7.325025261866859,13681.4476067163
San Jose,San Diego,4490,102.63833642876094,53359.67083540195
San Antonio,Houston,4706,107.74785478274883,47771.25220279404
Phoenix,San Diego,1329,11.386789487112763,10293.469048186806
San Jose,San Antonio,3966,59.87751113191977,28675.37987176132
Dallas,Phoenix,912,9.55066035689049,17006.852590166956
San Antonio,San Jose,1891,16.146045893894154,12647.282872805112
San Diego,Philadelphia,4817,66.89800087377513,36511.96993780021
Houston,San Antonio,2865,26.83776852079338,28775.244645366027
Chicago,Los Angeles,3226,58.00211094391518,21529.796337250067
Chicago,San Jose,3839,88.44332282470262,49900.72930156507
Philadelphia,Chicago,3272,39.13123139480025,22528.215871525448
San Jose,Los Angeles,205,1.7102109093027653,2654.3589591423975
Chicago,Philadelphia,109,1.599332441752284,785.5944998153773
Dallas,Los Angeles,4765,100.86329538147194,55495.6655213408
Dallas,San Antonio,3657,43.942681300435304,33174.02150719055
Philadelphia,San Antonio,2976,28.038555294268633,52112.026696621324
San Antonio,Los Angeles,1981,30.50682620424534,14634.676872387248
New York,Phoenix,4353,71.7753581566589,44958.00671427978
Chicago,Houston,4874,90.69054787336594,68728.89872548814
Philadelphia,San Antonio,3215,27.423806824926938,26030.564320080597
Dallas,Philadelphia,4371,47.58303383628612,29835.59449149658
San Diego,Los Angeles,3265,66.24328342486679,65204.37519196872
San Antonio,Phoenix,4742,59.489316915861046,44328.45033935797
Los Angeles,San Jose,4939,52.84959239857037,41973.63354197458
Los Angeles,New York,4756,48.484206542609826,48942.99330535683
Houston,San Antonio,876,7.52911525538259,10858.119301775483
Los Angeles,New York,2197,49.655052554599024,26466.8378115009
San Antonio,Dallas,1051,13.224653771742119,18653.66607880832
San Antonio,San Jose,4090,55.10021703543695,76490.09701003897
Phoenix,San Diego,2981,43.65860087661616,24582.257377725822
Los Angeles,Dallas,533,11.808485163217417,3635.1153784290577
Philadelphia,San Jose,3814,56.472119648018285,58735.65845941292
Dallas,San Antonio,339,2.95038385948871,2604.7852649074307
San Diego,Los Angeles,1222,13.618057960735861,14972.385309727051
Phoenix,Chicago,3466,81.71483605166365,48027.587765776974
Philadelphia,Chicago,1702,35.980784707039724,11359.390341429824
Houston,San Jose,232,1.9490014951767507,2927.9407707229734
Houston,Phoenix,2280,31.071782001609723,18371.23612713339
Chicago,Philadelphia,4150,63.960737141074844,58774.78800271192
San Antonio,Houston,2923,30.95483115594778,49976.40851826326
Dallas,San Jose,491,5.040630159281586,6709.022960673026
San Antonio,San Diego,3938,42.59493016204918,50942.44765303271
Dallas,Houston,2954,35.11451781573701,19761.113751694687
Houston,Los Angeles,2771,23.21587203990642,23703.031929769626
Phoenix,Dallas,1411,21.203477382079488,14571.578975108077
Phoenix,Dallas,3475,72.2074689966044,41724.41417903858
Houston,New York,4810,54.11495870781839,37237.55475869855
San Jose,Los Angeles,4282,65.22000705096774,45572.34064907376
Los Angeles,Dallas,519,10.400693546770997,7476.549555741555
Houston,San Diego,3552,54.24392089820025,26312.427579834097
San Diego,San Antonio,3627,44.84797913156299,36822.78911928228
San Antonio,New York,3625,30.601311749321884,52844.95172456979
New York,Philadelphia,3952,90.56382886352515,52605.79670840008
San Jose,Philadelphia,2250,19.205271758685473,26446.508703502273
Philadelphia,Dallas,4129,62.16623747795468,53024.831592597926
Dallas,Philadelphia,1427,21.7599614268037,20546.82127936339
San Jose,San Diego,2942,36.172624363771945,53423.25463524605
Phoenix,San Antonio,4689,43.09350790706563,53363.20696615876
Houston,Los Angeles,4871,52.3859692287631,38444.59052596254
San Diego,Chicago,2894,45.250000447819474,29315.96226830085
San Jose,Dallas,3141,75.28110576121573,52735.166882680736
Houston,New York,2649,24.002813125892132,17849.572525358875
Los Angeles,Philadelphia,4131,66.05630068215957,66000.4348560091
San Diego,Philadelphia,733,8.305179989325914,5104.454096270322
Houston,Dallas,2365,21.599735440507025,30014.51145036888
Dallas,San Antonio,4200,40.58612941495361,77892.531926649
Philadelphia,Dallas,3278,34.52824490372084,35841.69274676858
Phoenix,San Jose,2629,36.64186690781479,19028.487813881264
New York,Chicago,5000,105.19615086650339,51078.16720839572
Houston,Philadelphia,2515,55.468906936555896,28821.031994202094
Dallas,Houston,3469,32.0911378577864,40760.60578889866
San Antonio,San Jose,4254,45.71223961390735,56930.7435923684
San Diego,New York,2439,57.77478791182329,28594.232287423605
New York,Houston,4540,52.39964540899759,67565.29775022493
San Jose,Chicago,2104,17.941005892060993,15386.881600644627
Houston,Chicago,4206,62.845499505260456,48439.24367404837
Phoenix,Dallas,3461,57.24274552240927,61776.95701098876
San Diego,San Antonio,4367,40.84583205979588,36606.47656383953
Phoenix,Dallas,233,2.9074049137249656,2416.5079168257594
New York,San Jose,1177,27.65842733544208,14070.698461614045
Dallas,San Diego,2118,23.001468893929477,23562.597186788098
Dallas,Los Angeles,4670,57.34085119519011,45272.083817209015
Los Angeles,Chicago,1015,9.147164711777556,10086.155406533635
Los Angeles,San Diego,4391,37.79326494302663,40609.47254614388
Dallas,Chicago,1240,26.77235002314057,21789.306160759017
New York,Chicago,3219,44.375352960260635,25271.52527727744
San Jose,San Diego,1493,13.56909571864275,12968.283607645039
Los Angeles,San Antonio,1780,26.153794639704405,30693.596102634245
San Diego,New York,694,8.338010604267081,10971.97265924359
San Diego,Phoenix,3866,45.266224520707226,29259.036037321883
San Antonio,Dallas,4329,43.007083019063124,59527.02392294623
Chicago,Philadelphia,3289,75.58247511906298,34544.511726283155
Philadelphia,Dallas,2916,44.95384270472967,57275.95789584722
Houston,New York,1517,19.636865226503424,13344.777493558884
Phoenix,San Diego,4629,45.84688142845902,84305.77430665927
Houston,Phoenix,1910,36.499587153176314,13620.670101295209
San Diego,Philadelphia,437,4.859622566655352,5280.386062893043
Phoenix,Dallas,4434,41.69064659811473,68923.46377904575
New York,Dallas,733,6.308886816714458,6532.461367045672
Los Angeles,San Diego,3097,54.81779522890013,33462.92959643118
Chicago,Dallas,4448,37.606588534707356,77113.33201361765
Houston,Phoenix,2026,45.99735108472424,15540.426418109988
San Antonio,New York,966,15.616652685730742,11275.26985341448
San Antonio,Dallas,2821,53.54939221780445,19224.52946642489
Phoenix,Philadelphia,739,9.452648112413247,5729.564609065659
San Diego,Houston,3439,44.63536437207647,44006.24310278726
Philadelphia,Chicago,3331,58.85143501139641,62022.58132960126
San Diego,Chicago,905,7.543463332512807,7288.404811664172
Dallas,San Antonio,4848,50.331746978778845,58611.53972795657
San Jose,San Diego,4563,40.47789626409584,31003.91566251341
Dallas,Philadelphia,4093,43.599335066788015,51923.810532961834
San Jose,Los Angeles,2757,25.391561957534503,39700.7846811113
Los Angeles,Philadelphia,4890,112.4667392302714,33015.67599059941
Houston,Los Angeles,119,1.228661305211748,1277.0861215955879
San Antonio,Los Angeles,3057,30.643274627761503,33388.27805572753
Houston,New York,529,4.4457538032534005,4285.481429620156
Phoenix,New York,713,14.51864214604391,5270.549171153284
Philadelphia,San Antonio,1676,27.395407102833822,11189.831017655259
San Antonio,Chicago,2757,35.54343757889169,26274.00359578341
San Antonio,Philadelphia,1473,16.942084350408763,12766.576674971147
Philadelphia,New York,1306,12.445126096198178,16817.918443291648
San Diego,Philadelphia,4667,68.16703603899387,34799.162763726235
Chicago,San Diego,4713,77.61412764918427,60428.88758855909
Philadelphia,Chicago,4194,35.77186823386335,32338.283556375496
San Diego,Philadelphia,2242,22.8552330771722,21437.936896636704
Phoenix,San Antonio,231,3.6661178012268216,2292.2537896869594
Los Angeles,San Antonio,2259,34.64671317816599,31920.036702927693
New York,Philadelphia,2068,19.82742690964688,30374.591514618853
Dallas,Chicago,3433,37.334007299536815,45684.690068770586
New York,Los Angeles,4813,40.9606313705342,40387.990454418534
Los Angeles,San Diego,2102,23.542950609496167,29253.024518495837
New York,San Jose,3648,79.65338113747478,43253.64486399602
Houston,Chicago,437,4.30052213971117,5013.228081452904
Dallas,San Diego,2544,29.293698235403184,30520.78132324207
San Antonio,San Diego,1246,16.410682839208704,11989.207257362286
Philadelphia,Los Angeles,3857,93.78765227219611,63761.40306036351
Dallas,San Antonio,3326,50.88002281557238,32159.598300671085
San Jose,San Antonio,3162,38.44976649550575,23340.71998308358
Dallas,Chicago,1436,11.96730704948471,9841.758966716447
New York,San Antonio,4103,71.83811779766431,28337.284438114
Phoenix,Chicago,3898,44.25638989145346,30647.83672623148
Chicago,Los Angeles,2178,50.29411628151773,16004.221451785059
San Diego,Philadelphia,2648,56.24958828945863,26069.090281992627
San Diego,Phoenix,2932,44.55637009563656,28830.182282673366
New York,Chicago,3392,35.45413463144057,36612.99851482825
Houston,Phoenix,1261,17.746748925913273,8982.395867419775
Dallas,San Diego,1538,13.586117046554813,28942.513456272292
Chicago,San Diego,1827,16.13494526469415,19335.79026475895
San Jose,Dallas,2423,24.56415744059991,30476.25912388793
Chicago,Philadelphia,4661,52.73585561792947,55997.784185394456
Los Angeles,Phoenix,1082,11.987698656182838,11074.709419364732
Dallas,Houston,1628,19.32367390026294,16365.77713014054
Houston,New York,173,3.782603830425249,3363.992337483906
New York,Phoenix,2681,38.18851116457979,23351.496155845743
Phoenix,Houston,1909,16.385537127993988,16395.71707483843
Philadelphia,San Jose,2419,32.479558791299496,17490.801493198072
Chicago,Houston,3508,66.10990226781765,26999.255105100165
San Diego,New York,3882,94.1549563672647,34091.51739053261
Philadelphia,Phoenix,3471,49.949045719816226,64467.30727486807
San Diego,Phoenix,3583,36.24637834135576,55308.021908624665
Los Angeles,Dallas,343,3.5747766019692118,2540.896066647839
Houston,Phoenix,3333,37.15678138009415,22392.64746189895
Dallas,New York,2363,20.429148442600432,16073.794211105578
Houston,New York,2038,17.18818053558361,24155.291757925836
San Antonio,Dallas,4973,53.80686696082262,55824.93505688414
Chicago,Dallas,1255,27.57349968523459,9044.815184675912
Chicago,San Diego,3515,58.46218577809975,61113.462602899264
San Antonio,San Diego,2932,47.59022380387178,22123.44219506678
San Jose,Houston,3419,56.28985119857332,28278.602307027017
San Antonio,Chicago,1990,24.348211858733002,29778.83527232618
Philadelphia,New York,388,5.428131439657461,5302.316394764282
Phoenix,Philadelphia,4768,77.92121356703119,68150.54137204077
Chicago,Dallas,2842,39.49509868532861,19258.641763086707
San Diego,San Antonio,4214,60.78114369141544,29236.231762214386
San Jose,Chicago,2360,32.66702050387582,22360.995800413417
Philadelphia,Dallas,3076,50.19056254204537,24284.27138113171
Houston,Dallas,797,16.374410688388235,8652.015532128271
Philadelphia,San Jose,1047,10.286419903210176,9342.522597070263
Dallas,San Antonio,3971,45.372323596381854,29081.396346725618
Houston,San Diego,4230,52.65314780406132,44596.5128969601
Phoenix,New York,3348,81.20514124664689,25885.235299136948
San Jose,Phoenix,1312,27.95538796536939,8925.220394460866
Dallas,New York,3319,34.46362850301165,31631.75504961621
Los Angeles,Chicago,4698,97.53642385615223,57770.2032255706
San Jose,Chicago,2810,29.048807289316425,42136.94020197491
New York,Phoenix,2438,21.320113060808353,20077.42356384087
New York,Philadelphia,3458,37.33760910886097,30639.004180798664
San Antonio,Los Angeles,164,2.5216816029388687,1666.8273982200203
Phoenix,San Jose,2993,46.87639518009219,33743.564571783696
Chicago,San Jose,640,6.820551353825323,12582.81540491867
Houston,Dallas,4284,58.38250069383297,52465.671214525304
Houston,San Jose,1245,22.879674246872916,17923.860950396647
Houston,San Diego,835,10.412462900753445,6349.098523694221
Chicago,San Jose,888,11.425951172917038,7188.84518164823
Phoenix,Houston,1143,11.36184571736526,12205.872943625804
Phoenix,San Diego,2180,38.93292162523794,31195.691866981044
Chicago,San Antonio,2484,24.472236881067897,22531.010104790657
Houston,Philadelphia,3034,26.07499019797342,34194.17170373501
Los Angeles,Phoenix,2896,44.11705215873226,21478.560488633113
San Diego,Dallas,1371,19.761867870257046,13503.008851695447
San Jose,Los Angeles,2135,22.24346378437632,19507.69491117371
Chicago,San Antonio,2862,27.668522248458316,26640.717551693207
Houston,San Jose,1029,14.887954017446942,9692.12525078262
San Diego,San Antonio,3401,76.3432770535404,29152.45551468286
New York,Los Angeles,3707,43.6821317219189,34601.39340722248
Dallas,Philadelphia,4416,100.91049570223711,37047.65585249549
Houston,Phoenix,357,3.1550186743159316,6847.7391794944315
Dallas,Philadelphia,679,6.3986464092055755,5333.460642196976
Phoenix,Philadelphia,3764,50.68309619714483,53211.121308805734
Dallas,San Antonio,1865,18.58636166863446,21955.453584102153
Houston,San Antonio,1590,14.521670773397666,10931.840251596475
San Antonio,Houston,3741,31.82850236252208,32872.60833970204
San Jose,San Diego,3857,47.39428309358794,27946.03734681183
San Antonio,Los Angeles,4014,60.65434528365296,40601.780023800755
Philadelphia,Los Angeles,2873,28.36578658807696,19217.931622578366
Phoenix,Philadelphia,662,12.575549943777508,5628.046946783574
Los Angeles,New York,4947,90.86334072971103,34460.990477308485
Houston,Dallas,1411,13.23710394311781,12108.753487709762
Chicago,Phoenix,139,2.1980869374803125,1260.0549675480609
Chicago,San Antonio,1557,14.4993436738247,12443.526104917442
Chicago,San Diego,3272,52.23207391193759,23882.577956663525
Houston,San Jose,738,9.540333009940854,6228.778575682225
San Jose,San Diego,3407,66.7060987188726,26167.00854642023
Los Angeles,San Antonio,4418,87.77166903676093,44966.52465969339
San Antonio,Los Angeles,964,12.04081724199167,8875.334419408726
Los Angeles,San Jose,2517,46.307612511439565,18898.09121093644
Dallas,Los Angeles,245,2.4207461601667317,2123.155770730004
San Jose,Dallas,4558,45.85142126856099,68585.53979814255
San Jose,Dallas,2337,55.73005804476187,18258.254547489363
Chicago,San Diego,1560,22.440530117247707,11771.631855086973
San Jose,Philadelphia,2316,23.237241845536754,44647.8595581692
Dallas,Los Angeles,4540,56.16002340092757,30443.002204635817
San Diego,Houston,2150,34.759048411809985,22924.586075261475
San Antonio,Chicago,1717,14.541168046318097,11955.50766845424
New York,Los Angeles,3956,57.026674307753225,51363.47548379327
San Diego,San Antonio,1474,26.090840526526385,28991.36214054687
San Diego,Dallas,949,12.61052752117446,13995.8174484177
San Diego,San Jose,2479,37.82837938298318,46381.98730850368
San Antonio,Chicago,434,10.015311983474042,3749.7865874636746
Philadelphia,Chicago,3465,29.752596258534698,23211.050838810857
San Jose,Philadelphia,4014,38.48213559982333,41610.27857056185
New York,Los Angeles,3752,34.01660065754765,44725.03195077871
Phoenix,Dallas,3889,34.49299043189946,36701.605479855934
Philadelphia,New York,1747,19.04863527519756,19040.50496111588
Chicago,Philadelphia,4774,77.4594568648412,32452.51706433544
Philadelphia,San Diego,3317,78.8404210167918,41564.30505108204
San Jose,Los Angeles,1339,21.020191042783473,24010.99512542171
Chicago,Philadelphia,232,4.813325889060506,2499.54353091684
Chicago,New York,4300,63.12795066039895,57459.38018380547
Philadelphia,New York,1384,18.79461542068841,26777.273404387197
Dallas,Phoenix,2449,30.95632408352785,16771.82160640204
Philadelphia,Houston,1371,14.35682998321098,10654.116462176766
San Jose,Houston,4948,109.58111051627712,36586.57342803442
San Diego,Los Angeles,309,3.7296343321314245,5183.769824359617
Phoenix,New York,4177,46.97678560999295,33718.71105990663
Philadelphia,Phoenix,3374,29.37214489186466,63357.55333397231
Chicago,Houston,662,8.716144709029479,7958.590235682393
San Antonio,Dallas,1810,21.63078218019931,19021.39349625639
Chicago,San Antonio,2278,20.609512717992484,20333.26286250563
Chicago,San Jose,188,2.3008780216562417,1862.2179806682648
Chicago,Phoenix,3314,44.49251540318183,38411.18974248613
Los Angeles,San Antonio,1920,16.01991452282307,24679.641992738165
Houston,San Jose,4333,58.66551968660406,60391.461102378686
Dallas,Philadelphia,4689,52.805209478777755,45503.353247414205
New York,Phoenix,3474,32.45435440210959,40448.40210084155
Chicago,Philadelphia,1867,19.601750786770065,19001.648214581324
San Diego,San Jose,3351,72.1252407750744,36813.91580517504
Houston,Phoenix,3821,42.05440299310448,26592.390485255826
New York,San Diego,375,3.89187231708604,2745.545809595896
Phoenix,San Antonio,3246,81.01427165833135,46338.21920227829
Chicago,Los Angeles,4124,38.728303717897205,45477.83460008778
Los Angeles,Phoenix,1278,22.057427093276893,12428.50333763553
Houston,Phoenix,173,2.604217186397383,1183.5965340716548
Philadelphia,Los Angeles,259,3.7834418485932537,3604.9389860250567
San Jose,Phoenix,4195,42.439621784419124,68874.80449188435
Dallas,Phoenix,4781,45.707039538738755,38206.819385361305
Los Angeles,Chicago,802,10.868278944605722,6374.701671843164
New York,San Jose,2249,25.072948913391734,16246.453571254693
Houston,Dallas,4650,100.81657083873924,62849.19816843346
San Antonio,Phoenix,4378,56.05808791410385,30371.085384536284
San Jose,Los Angeles,1473,14.003463653936665,20414.3476556048
Philadelphia,Houston,521,8.091541084373162,4610.635446996914
Dallas,San Diego,3502,42.1393676608995,66086.84999694714
Philadelphia,San Diego,3921,37.68325506811002,52550.94488754243
San Diego,Los Angeles,1643,39.14306689077625,11581.691435949337
Phoenix,San Diego,4553,89.21193568021532,47053.25575504373
Philadelphia,Phoenix,3184,29.032523590329912,47792.13630627884
New York,Houston,3238,37.48707402340032,25842.36862229188
Philadelphia,San Jose,2014,19.065270334164932,21126.237770823416
Dallas,Philadelphia,1531,20.603699375135225,17002.505980980004
San Jose,Philadelphia,3904,90.99583693145618,34019.12076479088
Houston,Philadelphia,1258,11.62018157747582,9109.470210410354
Chicago,New York,4100,87.90905906660245,65908.90498972933
Los Angeles,New York,1188,18.57552286253181,9110.20502486943
New York,Phoenix,4977,41.785043966536854,85302.0519215387
Chicago,Los Angeles,4626,41.32304870568899,43289.44776169939
Dallas,San Diego,1526,17.514303337296134,27339.86145928257
San Antonio,Houston,1579,21.012405949113337,11745.340899836236
San Jose,Los Angeles,4171,63.79510156764185,33412.27033795784
Dallas,San Antonio,2293,24.72626299372019,21414.43182017438
Los Angeles,San Jose,773,8.530025497897205,7531.052406210729
Phoenix,Chicago,1408,25.640702787587543,15304.547542905011
San Jose,Phoenix,4933,116.16031586813276,39540.239934121455
Chicago,Houston,1956,25.87648392520889,15838.824505243734
New York,San Antonio,3545,48.316834909679784,34351.18812596864
Philadelphia,San Diego,3309,27.78505931890215,56575.44824948925
Chicago,San Jose,2937,34.39618952470593,40767.87049478245
New York,Los Angeles,726,14.856113807169638,5326.6567600670105
San Jose,Los Angeles,913,8.041710076282413,7663.354766385801
San Jose,Los Angeles,4178,66.94769272409071,29993.8224462988
Chicago,San Diego,4287,78.33335122466241,37927.76479862064
San Diego,Chicago,4708,51.09068594314419,60863.6041686619
Chicago,Los Angeles,4063,94.69905785914565,31955.028515976093
San Diego,Los Angeles,3057,39.66371819746182,35379.39922047787
San Diego,New York,3682,47.347597735996274,70684.20435311567
San Diego,Phoenix,4794,78.20111022702629,56635.09208093213
Chicago,New York,3506,70.94310365687332,41296.54414834017
Chicago,San Jose,3327,31.22926875446829,49574.883423295134
Phoenix,New York,3043,33.7656821211458,31242.607599244348
Houston,Los Angeles,3524,81.99112912213934,44084.42310407264
Philadelphia,New York,4178,60.098700684815114,69228.76282476437
Philadelphia,New York,3887,44.333205960852716,35361.93469619679
San Jose,Chicago,4543,104.88978039701526,45181.29170106098
San Antonio,New York,4389,55.71429035905513,81170.51621759699
San Jose,San Antonio,3453,52.901279652629,35878.44431899876
San Jose,San Diego,2132,36.85840910883137,38990.41381443726
Los Angeles,Philadelphia,4735,76.33307811221528,57108.044954828154
Philadelphia,Dallas,1077,20.17975647865084,13477.679472051903
Houston,Phoenix,2510,35.054810199747706,24739.49903733161
San Antonio,Houston,786,7.519280335075691,7968.401580889579
Los Angeles,Chicago,1044,23.473627613237593,10788.995648861619
Los Angeles,Philadelphia,790,17.034542007523857,12449.342760722759
Houston,Chicago,2097,19.271001985024952,37372.14945741758
San Diego,Houston,1477,14.725158992558443,20495.880999035122
San Antonio,San Diego,2764,50.679769119352535,27380.620555448553
San Antonio,Dallas,1341,13.243784169809175,21142.371523579026
Dallas,Houston,967,11.595835784821103,15126.745283737248
Philadelphia,San Diego,3315,65.13883246747618,32245.010292684234
Dallas,San Diego,4586,40.17261399973148,59497.851546812286
New York,San Jose,3400,33.06972816601769,60988.64334034202
San Jose,San Antonio,1259,28.158704210148393,24967.80158341308
Phoenix,Los Angeles,3404,54.19583413197012,24730.472464361865
Chicago,San Antonio,2865,69.79473197193481,22401.295792708224
San Jose,San Diego,3913,35.133011365196445,52438.818016032244
San Antonio,Philadelphia,1083,25.541975857647845,7289.322109885618
San Antonio,Dallas,2349,39.18921079842393,36347.73943207057
Chicago,Dallas,4652,51.674790553647426,31191.94995530119
Chicago,San Diego,4469,67.36301313502507,36699.712753119544
Philadelphia,Chicago,3616,48.718554371862226,30307.90714032276
New York,San Jose,2165,20.497106073335935,14876.31264360046
Chicago,San Antonio,4477,70.45920914242558,48503.00145048336
Phoenix,Dallas,2407,33.82192136994633,16200.96767435137
San Jose,Los Angeles,1297,12.589542550048886,13940.176526402296
Phoenix,Los Angeles,1104,26.974726617457588,11963.13679119799
San Diego,Chicago,971,17.138398163893697,19289.49541092866
New York,Houston,670,8.688713200492426,6038.767462583518
Philadelphia,San Jose,2790,61.167647516601896,19158.740358239218
San Jose,Houston,1878,20.717970496554912,15792.085948518015
Houston,Phoenix,1157,25.804118678325093,10200.256005618261
Los Angeles,San Diego,1382,12.12533801547513,12126.890582705548
Los Angeles,New York,3962,73.34695119196435,75149.88452746096
Dallas,San Antonio,1318,20.661212459463112,10070.774161921236
Chicago,Phoenix,174,1.9536454784955486,1620.5840415669993
Chicago,San Antonio,1855,17.51050249541295,18816.73182796541
San Diego,New York,2198,41.77494956956813,22789.147341547818
San Jose,New York,1481,30.359315141019216,13466.726074171514
San Antonio,Philadelphia,1118,17.675917523182328,12573.271533157009
San Jose,Houston,4519,60.86024670748666,81228.72236256723
Philadelphia,San Antonio,2177,23.38729068208697,35521.14465476299
San Jose,Chicago,3652,32.22603062799785,43760.2462477498
San Diego,Los Angeles,797,11.245907441755438,11040.62548852374
San Jose,Philadelphia,2998,27.503331399027157,41258.36013227779
New York,Los Angeles,1770,33.07507741900757,32079.895931934258
San Antonio,San Jose,505,9.304858612816137,3482.001115384687
San Antonio,Dallas,944,8.445529492694616,13952.276007455937
Houston,New York,4802,77.96766665464057,37208.63892001741
Los Angeles,Philadelphia,473,8.788091559974879,7646.65696870419
San Diego,Houston,781,13.381900562563107,5496.116108493842
Philadelphia,Chicago,2732,35.18193505104571,46876.321274216716
Houston,Dallas,2156,51.89046125511819,26297.275702407685
New York,Phoenix,2306,22.68810112932451,38736.539532362665
New York,Phoenix,3819,48.188061612770404,66477.53516693483
Phoenix,San Antonio,4860,77.69594884227243,61731.69866150063
New York,Houston,3536,37.269632665475115,23845.581478467637
San Diego,Dallas,2056,47.051706199313585,15790.54265618555
San Diego,San Jose,1741,39.380294825841894,19695.367991162122
Los Angeles,San Antonio,3724,33.1117951653911,51884.26651287582
Philadelphia,San Antonio,3727,82.81408068485618,25726.98152347672
San Diego,San Jose,523,4.465585364527758,4437.5269829434565
Phoenix,Dallas,2858,31.453249307106347,21858.052063760268
Los Angeles,Philadelphia,829,7.877698386374218,6954.613975092427
San Antonio,San Diego,1315,14.83497350958434,25659.454329013242
Chicago,New York,1635,39.102139107237946,24442.91979217101
Dallas,Philadelphia,682,6.903430376735485,5009.351629344371
Philadelphia,San Jose,4795,46.79948874749591,95328.20024137245
Dallas,San Antonio,4175,41.97988892843899,73081.70710289721
Chicago,Houston,2734,25.181118759553883,31515.929577817245
Philadelphia,Phoenix,1688,38.780052261700405,27987.375470816438
Chicago,San Diego,2174,32.87553911710414,42027.2087948686
Phoenix,Houston,4203,87.08289563118811,39453.34263125172
Dallas,Los Angeles,4500,43.89289197953741,80305.43677947708
Chicago,Dallas,695,12.198593877610191,4864.012559829602
Chicago,New York,4370,86.20421922265447,31172.3781617307
San Diego,Phoenix,2870,69.01765773524816,56491.738928239836
Dallas,Houston,4865,95.51709491776231,41052.41127092595
San Jose,Dallas,4410,91.8234352696049,32465.254752865178
San Diego,San Jose,2540,22.497841154014967,24896.102840801806
Los Angeles,Philadelphia,2469,47.303601577364255,22549.00319185043
New York,Dallas,3425,56.72936677807922,31131.64867227932
Houston,Philadelphia,931,14.549302293004091,12811.279720872873
Philadelphia,Dallas,1357,11.50478279544015,13212.451214301764
Phoenix,New York,4705,86.88841566243686,32411.590721693323
Phoenix,San Diego,1107,16.974624563723705,9599.63054384578
San Jose,Houston,3900,55.9647580181157,29740.081955772075
Los Angeles,Dallas,3822,41.76045950655115,25626.275828892438
Houston,Los Angeles,335,4.726008316403806,2513.8163977347626
Los Angeles,Phoenix,4019,49.895485266719234,43112.48842429281
Phoenix,San Antonio,2078,19.15415655402013,25934.531876899742
New York,San Antonio,459,4.778063992622152,3572.323805772794
Los Angeles,Dallas,1567,27.17608408686695,11472.533125313537
San Diego,Houston,116,1.587159572288784,2241.473874038387
New York,San Antonio,2910,26.509747371685986,42649.83863133133
San Diego,New York,3835,44.13949701746157,37552.49403689443
Houston,Philadelphia,4243,41.53768396748253,60404.52294009319
Chicago,Philadelphia,4166,77.36468852810309,40361.64326315291
Chicago,Houston,1943,20.442874121921,13725.325915569294
San Jose,Houston,3374,35.818494346147325,35911.12807168854
Los Angeles,Houston,3396,37.35137602369187,27458.785700669538
San Diego,San Jose,1183,26.581890028656332,11583.120891100194
San Jose,San Diego,867,13.74876999229384,13284.642998484645
San Jose,Dallas,2415,34.33750268954231,19227.602145573477
Phoenix,Houston,2936,42.473072493679105,27543.20627120422
Chicago,San Antonio,4775,42.862808677275254,39805.39013172613
Dallas,New York,4579,96.43441277767762,45752.71617774405
San Jose,San Diego,1904,32.33873308307012,15208.217971971402
Dallas,San Diego,682,6.817787626202728,7048.730932288285
San Jose,New York,3955,39.26654959833453,32652.407207396787
New York,Chicago,445,4.959062749618856,8597.31533998931
San Antonio,San Jose,3182,54.226965348267065,33699.99869711976
New York,San Antonio,2934,32.78636187254781,20698.419848513437
Dallas,Philadelphia,1357,24.38044659485147,15044.295534851793
Philadelphia,San Jose,3883,39.15728457562844,35235.70039318221
San Diego,Phoenix,3120,36.313217880113264,41125.87273253251
San Antonio,Dallas,3364,39.041510937642904,25473.871313820277
San Antonio,Los Angeles,3131,30.06614734985497,46716.376017888804
San Diego,Phoenix,1024,13.98352778916005,14998.792927020188
Los Angeles,Houston,1542,15.512528934779565,15168.41966469342
New York,Los Angeles,971,10.14200883362306,8865.724677906564
Phoenix,Los Angeles,2440,56.326624137176545,19332.231687550822
Philadelphia,Houston,3102,33.07530105775094,37857.823823661674
San Antonio,Houston,167,1.5713751658088355,1389.7131362761636
San Jose,Dallas,2673,53.913916563279855,21327.014516602496
Philadelphia,New York,2014,25.77837962964058,39418.42377355121
San Diego,San Antonio,4788,60.72814181499754,90802.90785664014
Philadelphia,San Antonio,1025,23.493041925013667,9937.519013731086
Philadelphia,New York,3591,39.08486137420157,41269.809359088766
Chicago,New York,1109,19.78565652000118,11137.563450225833
San Jose,Philadelphia,4582,47.19132570116126,38895.49307676666
Philadelphia,San Antonio,4516,44.10428061008269,50048.812813039265
Houston,Los Angeles,407,7.680753208996143,5228.929969862311
New York,Dallas,4524,71.56564808317108,87607.8359910748
New York,San Diego,1630,19.00186142487938,12493.250946786793
San Jose,Phoenix,1309,22.38090606803532,14236.28361052517
Philadelphia,San Diego,491,6.33920383660115,6129.623423250276
Philadelphia,San Antonio,1450,16.53387137496738,13176.215320384006
Chicago,San Diego,1226,11.291053812023232,20413.073781537823
San Antonio,Houston,4741,64.63882324250429,78438.13688443
New York,San Antonio,382,5.2726528610103,6761.8054208999765
Chicago,New York,3400,37.01953333517281,50339.11949376925
Dallas,San Antonio,3751,35.83646672853619,52957.69726534087
Philadelphia,Dallas,502,4.29944793731388,5122.884137839749
Chicago,San Diego,1985,17.130389212548753,14733.697208583199
San Jose,San Diego,217,2.0059631707597476,3300.934374698625
San Jose,Philadelphia,4136,54.29814856523274,80924.80258665724
Phoenix,New York,4196,60.43578029857474,49715.28234714406
Houston,Philadelphia,4975,50.14824113197323,34023.22083979735
Houston,San Antonio,1486,19.393272973886024,22927.940678964445
Los Angeles,Philadelphia,3133,61.062877364827834,22469.0874801122
Phoenix,San Antonio,3198,31.528980240348027,40987.9190426706
San Antonio,Dallas,4968,54.51146888600979,85632.08114320526
San Diego,Phoenix,1440,12.953414820456624,10533.07212606931
Dallas,San Antonio,2413,28.129956571503424,30537.428299222836
San Antonio,San Jose,2748,29.187680555064176,18389.95721110431
San Jose,Phoenix,1437,19.621395346970523,18448.018365914784
Phoenix,Chicago,3526,36.949676969222985,24911.227653641283
New York,Philadelphia,4514,44.24705966895012,36790.55657643838
Philadelphia,San Antonio,1972,17.067701349503338,17537.320702166577
New York,Phoenix,2676,23.45585529077119,25196.839940668382
San Antonio,San Jose,4068,60.89982981072688,68778.85713073051
Chicago,Los Angeles,3223,53.81065950073128,30427.706640928267
San Jose,Dallas,1149,11.831211044330493,9160.227695721198
Dallas,New York,299,3.7346545525466848,3202.965578234531
San Jose,San Antonio,3033,46.48509728198527,25674.44047298103
Philadelphia,San Diego,2350,39.3175545792895,18411.279962268385
San Diego,Dallas,3967,50.27337075266761,33716.38281795916
Houston,Phoenix,932,14.115873376224263,16394.897156506755
Philadelphia,Chicago,3063,33.06683452873867,22236.740079232415
San Jose,New York,4352,106.99999594054476,39670.25162714618
Los Angeles,Dallas,2454,24.093020905116596,17929.443004273617
Philadelphia,San Jose,2003,45.76141266079657,15363.34780377065
San Antonio,Phoenix,3669,47.13565646394578,37136.48013274022
New York,Chicago,4057,45.53552350587612,30933.392911039347
Philadelphia,Phoenix,3264,28.093746081143248,35680.70177410815
Los Angeles,Houston,2940,49.68680227115771,34633.82633834196
Dallas,San Jose,3253,36.53378747881897,54534.327878618475
New York,San Diego,2060,33.88991203482731,29632.13888653192
Chicago,Dallas,1168,27.025798260219386,13987.848853059775
San Diego,San Antonio,3550,31.66007231648145,31033.637002139883
San Jose,San Antonio,309,2.635019041398114,4516.990104672395
San Jose,Los Angeles,1270,14.13536982205755,9379.301039898857
Phoenix,San Diego,3077,39.17518891687192,35175.34780816309
Houston,San Jose,2468,49.86613171723149,16499.596247067573
San Jose,Houston,3249,50.31820713343256,24957.983979227138
San Diego,Los Angeles,1995,45.918804185578665,14765.834646807629
Houston,Philadelphia,4982,70.42419871496773,36031.80316774594
San Diego,Los Angeles,2901,26.482207350325698,30884.42763149351
Phoenix,Chicago,636,7.096355993321762,4850.408943060879
Dallas,Phoenix,160,1.7406439772632725,1098.7798483054414
Philadelphia,Chicago,3134,28.888767676872725,21446.01114979723
Chicago,Los Angeles,3298,38.23098888149569,29844.543631340133
Phoenix,Los Angeles,1100,12.018835540180316,20866.611986348886
Los Angeles,San Antonio,4638,90.94302521374004,54736.37472787742
New York,Los Angeles,3942,72.31072532678138,31190.94622120987
San Jose,San Diego,957,14.298646946773706,10589.481476530058
New York,Phoenix,254,2.386012714212686,4061.952581885117
Philadelphia,Houston,2107,18.60814519955986,26624.86480372804
Houston,Dallas,1672,20.644219734052413,11852.557414824092
Dallas,Los Angeles,1051,9.974632760339569,11064.163395562184
Houston,San Diego,4670,87.12348032745757,46002.575909342464
San Antonio,Los Angeles,4541,48.4581063236584,79370.69015767617
Los Angeles,New York,3287,42.55157802570384,63449.50904043075
Dallas,Chicago,2304,27.051147060002563,15756.556563970547
San Jose,San Antonio,4162,46.87733230479304,52473.05963525447
Dallas,Los Angeles,1025,11.333090610449892,9134.252961296197
New York,San Jose,1025,10.629436899465531,10521.782042233277
Houston,Philadelphia,1383,16.391782084531922,11791.337640967686
Philadelphia,San Diego,1297,19.394904158574285,20564.122195583306
San Jose,Houston,1320,11.14259943310893,11613.192433537004
Dallas,San Antonio,1098,9.75099736278387,12847.561455125226
San Jose,Chicago,1622,22.654451509951787,19804.57315173986
Phoenix,Philadelphia,2875,54.882005116378046,45614.24678102809
Chicago,San Jose,4436,45.93187689170428,70026.5761385613
Dallas,Houston,1386,20.410965052596804,12454.875073377505
New York,San Antonio,1644,19.673267320342628,16611.67910910411
San Diego,Phoenix,1828,38.42158858785153,19709.35913625688
Houston,Philadelphia,2221,20.282534622257955,24981.79942345293
San Jose,San Antonio,1092,10.528515851550656,7438.105427279493
Dallas,Philadelphia,1565,38.09344418065095,17245.25350034186
San Diego,San Jose,4936,41.63917326627289,75710.09263260053
San Diego,Phoenix,448,3.901638777231307,4754.220858112271
Los Angeles,San Jose,4997,45.504098399375394,38033.23086154587
Houston,New York,1699,42.47168210244508,33973.00184225734
Dallas,Philadelphia,3274,29.8226419646941,24621.246670086657
Houston,Chicago,468,9.717593343176514,3988.553022616293
San Diego,San Antonio,1707,20.306478638717152,12872.912569660626
Dallas,San Diego,2201,25.50013274598515,19007.030868555168
San Antonio,New York,2679,24.432545711027363,26534.351065803723
San Antonio,Phoenix,2529,36.21361922937131,17483.503395507894
Chicago,Philadelphia,3700,33.279384161341724,38212.98317468858
New York,Philadelphia,4715,80.01804856799193,61937.50894179375
San Diego,San Antonio,3926,48.70790724465821,43370.18286827442
Chicago,Philadelphia,4721,64.48188418322287,66519.81174131243
San Antonio,Chicago,1759,21.982226810871854,12986.051690803994
Phoenix,Philadelphia,359,4.90893093998049,5084.182151684926
Chicago,Philadelphia,1776,23.986221431395975,31629.108024041318
San Diego,Los Angeles,119,2.1008503599235184,1944.1980832572847
Houston,Phoenix,282,3.4368325754890514,2642.5493365206717
Los Angeles,San Diego,4957,47.687350994018146,66104.05079019634
Dallas,New York,2655,61.76931739243903,19953.300327652785
Philadelphia,San Diego,512,6.469287265436455,3880.30021263187
Los Angeles,Chicago,377,3.982501970453479,5713.789343877978
Los Angeles,Houston,3792,53.70739460509431,54029.32540424177
Philadelphia,San Antonio,3353,49.43076416626371,27811.383240527128
Philadelphia,Dallas,3649,30.741571859180727,30187.890174598313
Phoenix,Dallas,574,10.987042029140936,4508.605679072969
Phoenix,Houston,4362,87.57278273977869,33314.83303611053
Philadelphia,San Antonio,3791,49.71721362539104,74786.85357058594
Houston,Los Angeles,508,4.480714126261947,4209.017182813471
San Antonio,San Diego,3649,59.18497787480056,60141.30589889091
Los Angeles,New York,1335,12.335119362311675,15251.351129162063
Phoenix,Philadelphia,2319,21.742665121455428,28878.646762332482
Los Angeles,San Antonio,992,11.56951635260445,15955.664625679165
San Jose,Philadelphia,4273,50.00072316021806,44225.44232894601
Los Angeles,San Diego,1598,16.79708672134885,11485.51899640295
Dallas,Chicago,3284,57.924284204853656,47781.65026230157
Los Angeles,Chicago,1502,17.422440048666832,11257.813609428225
Houston,New York,705,14.483085214765126,5047.000589777806
Philadelphia,New York,1683,23.168561770654033,11406.120844177149
Dallas,San Antonio,3105,43.965384362192395,20930.370074081013
Houston,Chicago,4743,84.28779320644337,37624.38637204842
Chicago,Phoenix,1334,21.278428487167158,9113.352053760886
Chicago,Dallas,3323,32.64820392596471,26528.846178619242
San Diego,Los Angeles,1676,15.657848967186272,11446.870549402882
San Jose,New York,1677,20.516708905197532,14507.307206557236
Phoenix,Philadelphia,471,4.0623176616845535,3470.39742746221
San Antonio,Philadelphia,1364,11.939133302987983,10628.028141311304
Los Angeles,Philadelphia,1681,21.203102817657356,15175.049201333439
Chicago,Phoenix,276,6.825045522825889,4393.315156725145
San Diego,Dallas,2017,24.631889731072345,20730.097076283106
New York,San Jose,2228,30.96284768488447,18862.028376540035
San Jose,Los Angeles,3743,46.80925799765753,32605.600575400127
Chicago,New York,4727,68.96922935956572,34167.0487336092
Philadelphia,New York,3141,45.000562700033875,25682.28740836855
Philadelphia,Phoenix,1278,29.640946201615495,10151.978070099836
Philadelphia,San Antonio,2053,21.671001723184393,19537.046176065258
Dallas,Houston,1156,11.614061055540274,8899.316542435781
Phoenix,San Jose,2258,40.547735021511016,17826.998239544973
San Jose,New York,3364,28.258681378249356,55235.92994303511
Philadelphia,New York,4608,48.00905569920751,65313.22356868555
Phoenix,New York,4866,41.64112858676751,39194.24668473984
New York,Los Angeles,3534,45.329430852915344,25508.042494634323
San Diego,Los Angeles,2301,26.312732132972048,36589.859387217024
Dallas,Phoenix,3022,56.404395438415285,26086.403173113835
San Antonio,Phoenix,2436,42.57215755477194,33600.66241536811
San Diego,Dallas,2006,20.255105912352086,28897.372588849146
Dallas,Los Angeles,1995,19.970484965591115,18368.363809479873
Dallas,Phoenix,3527,55.42680715378751,23994.417273608156
Chicago,Phoenix,1671,18.381271590964257,13266.641167717502
Philadelphia,San Diego,133,1.277388687024931,971.6036021424549
Phoenix,San Jose,785,10.872391707364542,9434.22019451507
Houston,Philadelphia,2465,22.108411091678867,22302.847540192604
San Antonio,New York,4349,87.61365676459363,73733.77953875436
San Antonio,Houston,3391,41.606607215072586,31361.70054766249
San Antonio,Chicago,2494,27.116801824984236,20297.355436546128
Dallas,Los Angeles,3773,36.59809002880997,29585.762829489588
San Diego,New York,677,6.262004202377764,7526.721204052187
Chicago,New York,297,4.547549809668527,2487.492955467712
Phoenix,New York,2430,55.17339600048422,26097.488984415064
Houston,San Antonio,3321,38.38082655925369,28222.50311103454
San Antonio,New York,1855,31.340661980980432,34284.317497189135
San Antonio,Dallas,3442,58.710877096889426,30019.13318411824
San Diego,Dallas,2920,24.943866950645653,38327.46415704455
New York,Phoenix,1314,26.376431089278018,9946.810371772715
Los Angeles,San Jose,3851,40.87293043499181,44031.61312447724
New York,Dallas,3926,64.31237281959211,62629.73253763614
San Jose,Chicago,2883,68.15408890174811,20365.178392820773
Dallas,Chicago,4560,97.28455028225798,32671.091219411574
Phoenix,San Jose,2170,33.869968654965874,20607.7652173728
Philadelphia,New York,2580,37.62913031750467,25026.383934528847
Philadelphia,Chicago,3242,28.297493920562175,63511.46951893811
Phoenix,Houston,4549,41.29802288839989,68572.69946792579
Los Angeles,New York,2928,29.36503001260247,21168.592784673303
San Jose,Los Angeles,4164,59.99136206284638,31541.60764010337
Dallas,San Diego,977,9.828428711513808,11087.641399369191
Houston,San Antonio,3948,58.10120759516117,39481.705086373324
San Diego,San Jose,693,5.781138895963686,9353.056955801343
San Antonio,San Jose,1226,12.621336082557788,11747.789078755795
San Jose,Houston,3922,42.726458099706385,36603.503140467255
San Jose,Dallas,3838,65.95373469734757,33669.259806285954
San Antonio,Chicago,3837,48.45768829494166,32635.222997053017
San Antonio,Dallas,4289,82.32616937025232,71969.83674308922
New York,Los Angeles,1943,47.06415889163897,16541.842722945712
San Diego,Dallas,2356,26.66975125194937,18619.84418567055
New York,Chicago,265,3.2375052943089244,3124.6847211510053
Chicago,Phoenix,4034,51.348582570569754,54827.71437362678
San Diego,Dallas,1255,30.35272191953283,17125.446251517424
Los Angeles,Philadelphia,2258,35.78335302474702,22479.410421813114
Philadelphia,New York,587,13.641022195556424,6444.832066623333
San Antonio,Chicago,1982,33.268553185066246,29333.643361249327
Dallas,Houston,582,5.460333335703496,5091.640292702458
Chicago,San Jose,3548,41.163240823622154,44966.7633448604
Los Angeles,Houston,4335,87.17994405787229,32637.219464346614
New York,Los Angeles,2786,48.18095694475959,20001.52488865641
Houston,Los Angeles,2062,22.83454429358653,16537.979052698454
Chicago,Dallas,4693,48.02539955778329,68788.52230660549
Phoenix,Houston,852,9.837934199888142,7368.467653559508
San Diego,Los Angeles,1515,30.876318893819477,13292.599737464632
Philadelphia,San Jose,1474,21.946142238763855,19015.8721761467
Dallas,Philadelphia,1600,18.298372965395636,10911.961220410489
San Diego,Los Angeles,2390,44.01892205857325,20538.757262128685
San Antonio,Chicago,3520,51.56334221941604,38342.527111594485
Los Angeles,San Jose,718,7.387990204059931,4789.498145411467
Chicago,Dallas,4964,42.34329409428446,46357.640566479386
Houston,Phoenix,593,8.560472288102524,5419.969156745191
Houston,Chicago,3000,29.594934288522886,29384.093221403895
Philadelphia,New York,627,5.479129202718104,4273.746256577854
Houston,Philadelphia,1893,33.91384454937851,13011.30441148851
San Jose,Philadelphia,3830,57.07052462720282,50128.544449233945
San Antonio,San Diego,1156,25.049000160230136,9384.33366173367
San Antonio,San Jose,2759,23.38831352896925,26751.867522453274
Chicago,Philadelphia,1941,27.279400866397186,27507.626009502557
Houston,Philadelphia,3298,31.990029548477334,23022.306547725402
Dallas,San Antonio,3407,31.8614027034723,44545.06596493353
Phoenix,Houston,3414,34.75463425871394,50018.69248463266
Dallas,San Antonio,1370,11.739716188276311,13050.111563760036
Chicago,New York,1503,14.778698683524238,10944.727771827518
Los Angeles,Philadelphia,3207,59.01019005660053,21422.887064645307
San Jose,Los Angeles,4942,89.92888783318539,35842.980577926784
San Diego,New York,1104,16.108536477839372,13982.88346451375
Chicago,San Jose,1178,24.691881508540515,17184.50415814236
Los Angeles,Chicago,1697,22.857079746163652,12367.160545324385
Dallas,New York,3275,34.53505415226067,29186.95745415906
New York,Los Angeles,2264,19.717279951931538,26230.542191452238
Chicago,Dallas,4041,35.22338766483165,50253.78775024275
Phoenix,Houston,1804,21.347882709638366,14950.373551590685
Chicago,San Diego,3976,60.21082116985695,26737.623748536633
Phoenix,San Antonio,2789,35.467774023565944,40903.176372067675
San Antonio,New York,1643,14.492132031411368,19034.915376358265
New York,Phoenix,4596,52.075495142488954,31729.842697236436
San Diego,Philadelphia,2368,24.059717888979055,15923.542803206055
Chicago,San Jose,149,2.481133040589216,1245.6057287886983
Dallas,Philadelphia,2282,22.361808251000852,20974.37750792275
Chicago,New York,1527,20.175875942586863,15940.336145694228
Los Angeles,Houston,2560,28.4656840948899,24533.616599825622
San Jose,Chicago,724,17.884519840562582,5249.247344355696
New York,San Jose,1556,18.184387814671148,16320.985939161745
San Jose,New York,269,4.394647648930295,4623.414210093534
Dallas,Los Angeles,3102,29.43578448142366,31112.360226207056
Houston,Los Angeles,584,14.116219380511028,6311.962515078877
San Antonio,Houston,1103,13.12719762179183,13371.975870031756
Houston,Los Angeles,2540,22.418013480944577,50513.88258580996
Los Angeles,San Jose,3859,34.27990058999224,66493.2607783638
San Diego,Houston,880,15.410825312147045,5974.532755187054
Phoenix,Los Angeles,3357,47.42216559810497,50678.546578081456
New York,Philadelphia,489,5.688747093831316,7694.583692777105
San Diego,New York,2495,57.190742715375364,36058.050285729325
Philadelphia,Los Angeles,2222,25.33930160649111,37880.41972101336
San Antonio,Philadelphia,990,8.42147937619009,14426.55232721789
Dallas,Chicago,2406,27.015553693931164,32080.726099838168
Los Angeles,Phoenix,319,4.620967986892532,5358.841220784839
Los Angeles,San Diego,4743,77.97147367131808,50858.90108675966
San Diego,San Antonio,3943,48.34675142575436,31560.79654792948
Philadelphia,San Jose,3921,34.3349924792927,66540.85571780859
San Diego,Dallas,2349,22.947112541414484,32802.6725996416
Dallas,San Diego,827,10.788713933468902,9415.998168745167
Chicago,San Antonio,4423,39.82058184233275,45890.7368944942
Chicago,San Antonio,1348,19.87254539297229,17759.354411178123
Los Angeles,Philadelphia,3773,34.60144818896615,42087.022117447304
San Jose,Dallas,2298,23.33147364057002,16697.47451116419
San Jose,Houston,4379,44.55190900555234,47947.98530322988
Phoenix,San Diego,1210,18.81491667001314,11163.920394466242
New York,Los Angeles,3281,37.36805488165821,23395.75177175587
Chicago,Los Angeles,2028,21.61648065822017,15696.221375463036
Dallas,Houston,3588,76.54303298938987,30202.006173610534
San Antonio,Los Angeles,2027,17.734096509229722,31074.490711262202
Philadelphia,Dallas,1796,16.989515773160594,32264.793631286484
New York,Chicago,318,3.12318718937682,4286.915636029832
Philadelphia,San Jose,1541,25.466359729482427,14245.196728507766
San Jose,Dallas,1854,18.539277084280304,19117.52584479074
San Antonio,Dallas,3597,35.64695377199871,54102.74802883598
San Jose,Houston,4737,58.86597933482463,45498.20224874631
San Antonio,San Diego,3192,78.86023925579565,29230.402767814223
Philadelphia,Houston,3463,42.95944420299122,27063.2301467013
Dallas,Los Angeles,135,1.632852895920055,922.1215232229642
New York,Chicago,3928,40.863644503309644,65776.36254706827
San Jose,Philadelphia,419,3.822935447479162,3378.990548933284
Houston,Dallas,4691,72.0798292222465,34766.29224787069
Chicago,San Diego,609,8.59699319014564,5309.2168283061255
New York,Philadelphia,1077,9.733347930011353,17597.424615645035
Philadelphia,Phoenix,3701,56.00177924115042,29013.913561929287
Houston,Dallas,4276,39.14856919779277,49837.12612792541
Philadelphia,San Diego,3783,59.0669003464018,27988.47866968994
Dallas,Chicago,1110,16.625541580949353,20120.061978005873
San Diego,Philadelphia,3435,35.082828013721034,33766.24554339604
New York,San Antonio,2043,18.72878990758662,13778.24029439718
San Antonio,Chicago,1958,34.02435461733164,18384.01850635839
Chicago,New York,3666,35.65833955915722,58083.95347747108
Dallas,Phoenix,4646,44.427849391701955,41250.205967991526
Los Angeles,San Antonio,1461,24.159159168656945,13016.133059204334
Phoenix,San Jose,3052,26.907024203809005,57277.1212341576
San Diego,Philadelphia,4020,36.83987073541943,32648.45059974346
San Jose,San Diego,1264,17.966437086338367,23080.61086933392
Philadelphia,Houston,851,13.171069746995844,6615.691415503736
Dallas,San Antonio,1815,31.629973028383,21974.373443418463
Phoenix,Los Angeles,3999,47.007995211640996,54462.892011044816
New York,Chicago,207,4.61049775812096,2935.604383399124
Philadelphia,Los Angeles,2780,51.38243026530262,29282.45494626355
Phoenix,San Antonio,3453,46.87996321510174,31716.87930701186
Los Angeles,Houston,4613,62.04270358211681,41067.00484399149
Houston,San Jose,4341,48.64795590157891,80708.00696581726
Dallas,Philadelphia,3483,46.42506860863777,23368.331563514592
Chicago,Philadelphia,4162,84.46778417318599,48859.737994765215
Los Angeles,San Diego,425,4.1439269620074395,2983.370960553747
San Diego,Chicago,1109,26.919365458625666,12265.05442925076
New York,San Antonio,1504,33.99269922630783,14642.973851169156
San Antonio,Houston,3022,45.00028954171347,50669.28910633054
San Antonio,Los Angeles,3057,60.749333288272695,24906.518764162876
Chicago,San Jose,1371,24.88623455410669,13002.40067452519
San Diego,Los Angeles,4539,37.98913361588776,89033.93422530132
New York,Houston,4576,43.77136777103391,56114.00822081611
Los Angeles,San Jose,732,14.790182706980065,11496.77012090285
San Diego,New York,3560,38.53268553957831,40153.25356036259
Dallas,New York,4688,43.32581298191367,43693.75998120396
San Antonio,Philadelphia,3890,52.02278119959335,34282.863437450884
Phoenix,San Antonio,4066,35.14776748549968,48188.625716803304
Chicago,San Diego,2462,32.75813302541082,22180.267048024267
Chicago,Philadelphia,1693,35.283102873486385,18632.70614502509
Los Angeles,Dallas,2483,61.68550876131598,38824.76499697779
Chicago,Dallas,3501,59.100484921165474,35243.327779795785
Los Angeles,Philadelphia,1992,31.366832916559776,20477.932102323077
Houston,Los Angeles,1125,13.723414143744074,7824.272347931328
Philadelphia,Houston,4447,97.36566054486502,50427.10537290541
San Diego,Dallas,1343,21.412380801084037,10601.241687478698
Dallas,Chicago,1341,11.888409629365006,18091.29684386885
San Jose,San Antonio,3968,46.2305974039368,26895.51485429906
Los Angeles,Houston,2962,39.769589365689235,44439.4294308554
Los Angeles,Houston,515,7.515483026057559,9053.334399310279
