id;hash;time;median_time;size;stripped_size;weight;version;version_hex;version_bits;merkle_root;nonce;bits;difficulty;chainwork;coinbase_data_hex;transaction_count;witness_count;input_count;output_count;input_total;time_per_block;Столбец1;;;;17,00;;;;
759149;00000000000000000003729c7d929225178a0297dddf607f6855387fe0a67b99;0:17:00;17.10.2022 23:06;1244415;916340;3993435;613236736;248d4000;1,00E+29;1e1b70b0e33df8ebf98d5c1fee6759d394480e6f07c27b00c522c23d4f3b30ca;225903676;386393970;3,56E+13;00000000000000000000000000000000000000003760b211e6f61a09e330704c;036d950b1b4d696e656420627920416e74506f6f6c38353028009702cd34e796fabe6d6dffe7a2eb98e6d2256fe897eeb0a661135ee98678a0d631f34366a29b71b1ae0002000000000000000000ad586ed8020000000000;1788;1502;6238;7581;1,17E+12;17,00;;;;;4,00;;;;
759150;00000000000000000000040dae951aa0f405efa9f982a804762535dc0f44d788;0:34:00;17.10.2022 23:21;1463306;843174;3992828;680804352;28944000;1,01E+29;c983568b81112043bf4726d78124f18866ff1fe68379f03cc41266a81c74a51a;436672356;386393970;3,56E+13;00000000000000000000000000000000000000003760d275501603bd721037a6;036e950b049bf44d632f466f756e6472792055534120506f6f6c202364726f70676f6c642f1d1e2f7c5902000000000000;2593;2126;6947;8431;1,14E+12;4,00;;;;;17,00;;;;
759151;0000000000000000000761b61ea5cbf5e5f23e5be46d798866ab0b7d6f89ebdf;0:38:00;17.10.2022 23:25;1709721;761098;3993015;536887300;20004004;1,00E+29;55ec6ae0ab948d19b7483565e9d0abfdc068faec17392e154e88257f3bf45bf2;2494773101;386393970;3,56E+13;00000000000000000000000000000000000000003760f2d8b935ed7100efff00;036f950b0494f54d632f53424943727970746f2e636f6d20506f6f6c2f02779f29f4ee280000000000;2282;2038;8809;6428;8,56E+11;17,00;;;;;4,00;;;;
759152;00000000000000000002e432050d1bc3fe58182474b37a863cfaf50b93bc4e75;0:45:00;17.10.2022 23:26;1159905;484180;2612445;536879104;20002000;1,00E+29;a3a95a5ac8c732341982417ffde17021dc39aea3f1892eb3317daba8940882fe;2187907896;386393970;3,56E+13;00000000000000000000000000000000000000003761133c2255d7248fcfc65a;0370950b0442f74d632f466f756e6472792055534120506f6f6c202364726f70676f6c642f12f09a480e41520000000000;998;846;6386;3495;1,38E+11;4,00;;;9,99;;7,00;;;;
759153;000000000000000000050a6f1799f997443cca6e3d6f59a7a303b7c3b27abb06;0:52:00;17.10.2022 23:56;471018;288278;1335852;536870916;20000004;1,00E+29;1ae674348bcc86c33ca9a63c8f611f846dcd1b85d4a48677d0c9efdbda1af586;3538707373;386393970;3,56E+13;00000000000000000000000000000000000000003761339f8b75c0d81eaf8db4;0371950b04e2f84d632f53424943727970746f2e636f6d20506f6f6c2f027646cf746d380000000000;1000;830;2074;3596;2,07E+11;7,00;;;;;7,00;;;;
759154;0000000000000000000613193d51a96f5b0930ed4595797b1940305b0f4b8c75;1:16:00;18.10.2022 0:17;1503865;829841;3993388;601628672;23dc2000;1,00E+29;74a7b6bc897a9a377a4d96035b8f646efad59ba3e3d2022735bbc65bfbc0b65f;870829486;386393970;3,56E+13;000000000000000000000000000000000000000037615402f495aa8bad8f550e;0372950b1b4d696e656420627920416e74506f6f6c3837371c000102e23c12a3fabe6d6d95aae793076f5febf8a1c3cf8aefe4e9e845aeea80881a9f89ab3f860ef0363302000000000000000000d19a3503000000000000;2981;2538;6418;11026;1,08E+12;7,00;;;;;24,00;;;;
759155;0000000000000000000570630be2ad3fae465010fdd54a3b904889667afedc86;1:35:00;18.10.2022 0:34;1586026;802247;3992767;673652736;28272000;1,01E+29;e3bf24ea01e84c4a83137969e4804387ea4c07baf19dbbc6aeb4131b366238bb;2402414679;386393970;3,56E+13;0000000000000000000000000000000000000000376174665db5943f3c6f1c68;0373950b0b2f4d61726120506f6f6c2f1a01000200000003000000080090cf2bfa760200000000;2218;1887;7890;7684;2,56E+12;24,00;;;;;19,00;;;;
759156;000000000000000000039ab980227bced93284b56d2c8081076af746e666b641;1:45:00;18.10.2022 0:38;2182997;603347;3993038;543162368;20600000;1,00E+29;2cfc728e509dd8a727282324c8acf5d0923c3ab740808a32f6a48c2b6ec0c47b;3920705792;386393970;3,56E+13;0000000000000000000000000000000000000000376194c9c6d57df2cb4ee3c2;0374950b0428054e632f466f756e6472792055534120506f6f6c202364726f70676f6c642f2016a60e103c000000000000;1317;1112;6387;4240;1,36E+12;19,00;;;;;10,00;;;;
759157;000000000000000000071262c5f3d4acff8f48148f5bfa7786320c9aaf81d593;2:17:00;18.10.2022 0:45;1283439;903159;3992916;855244800;32fa0000;1,10E+29;de8eee6d8bef1df7726e18ec30f93edf6bb3ae4ebe94a640904c902b527b86ee;1232166150;386393970;3,56E+13;00000000000000000000000000000000000000003761b52d2ff567a65a2eab1c;0375950b0b2f4d61726120506f6f6c2f1a010002000000030000000800cdbb4c04000000000000;2125;1774;6218;7888;2,01E+12;10,00;;;;;32,00;;;;
759158;00000000000000000006bbeb741425e0eeed448e1c10e3cd5d0d7718c9143014;2:28:00;18.10.2022 0:52;1360510;877650;3993460;615940096;24b68000;1,00E+29;42c1f85bcca572ade41f85c91ea32f49844f29be9bb0360257ce9f3c11872bd8;3586983523;386393970;3,56E+13;00000000000000000000000000000000000000003761d59099155159e90e7276;0376950b1362696e616e63652f3837392800f103fc1b86eafabe6d6de8c9e7ffda49bbea9a357b7690473f1b220b1d221278f19cf46803b7a853cb2f02000000000000000000717a9d01000000000000;1953;1560;6615;7027;2,56E+12;32,00;;;;;11,00;;;;
759159;00000000000000000006367231aba4f0081fc5ecbe9dc3cdbd00c81a0e13e2ab;2:29:00;18.10.2022 1:16;1787750;621724;3652922;538968064;20200000;1,00E+29;d533a451e58092e652033d82f4530e46cd0a24ade8e2c0539d43e6dc656f656a;1205969481;386393970;3,56E+13;00000000000000000000000000000000000000003761f5f402353b0d77ee39d0;0377950b04940f4e632f466f756e6472792055534120506f6f6c202364726f70676f6c642f0e8a469bd9cd000000000000;1275;1128;7847;3021;50630570285;11,00;;;;;1,00;;;;
759160;0000000000000000000159a0c4d4c746082a8af22a4ca30c0806896fc4f690b7;2:30:00;18.10.2022 1:35;125572;48652;271528;536870912;20000000;1,00E+29;c736aefc555e5a0695094d15182f05bd089e5b9215f7d98d631e81ae297f4b6c;2091258132;386393970;3,56E+13;0000000000000000000000000000000000000000376216576b5524c106ce012a;0378950b1b4d696e656420627920416e74506f6f6c383634db000101fce1241cfabe6d6d52c62851bc522a393ca9946ffc21970937cd09f50308356dfffdd344272f6ad902000000000000007e0a0000e534010000000000;145;123;530;360;31081981269;1,00;;;;;1,00;;;;
759161;00000000000000000003b92edb4455e773a32efbeaf5db2bea5e019cc0a43dfd;2:48:00;18.10.2022 1:45;1159279;669731;3168472;536903680;20008000;1,00E+29;433a82843df29c6dc70684d6a977aa59956c95680db620ebc078621e502b6edb;2267099773;386393970;3,56E+13;0000000000000000000000000000000000000000376236bad4750e7495adc884;0379950b1362696e616e63652f383638cd0001030314a732fabe6d6d0246e0aca7b1b498eed081436e730c746b650b01b8ea2acd82e947e00b90957902000000000000000000893bcffe1f0100000000;2054;1732;5374;7798;1,02E+12;1,00;;;;;18,00;;;;
759162;0000000000000000000585166b9afc854c982d55a97007dd091d9a14f09e441e;2:49:00;18.10.2022 2:17;137325;87034;398427;582754304;22bc2000;1,00E+29;5bb8e531af35c7b21b34cd8732b62a0adb50635d60bd1892a9a9cc5cf8180513;3688473135;386393970;3,56E+13;00000000000000000000000000000000000000003762571e3d94f828248d8fde;037a950b1b4d696e656420627920416e74506f6f6c3837371c00010103b5599efabe6d6d90b4cbd3d5350048d373448e2376d0df54a61661a793513a10a10f1fa5ee50a102000000000000000000a9e34700000000000000;245;208;589;733;1,03E+11;18,00;;;;;1,00;;;;
759163;0000000000000000000687461e3fca390163a6185aad9225e9e971bf86ae3121;2:56:00;18.10.2022 2:28;437827;245644;1174759;536870916;20000004;1,00E+29;35eb528ad2a18118c26d15f45af06dc3e9e1846ae11271767d66f29fabbec80c;51496350;386393970;3,56E+13;000000000000000000000000000000000000000037627781a6b4e1dbb36d5738;037b950b2cfabe6d6dd122c107452d783fffb5467f4d3d0278b27aa21255f4df585fa3509836ba4ee610000000f09f909f092f4632506f6f6c2f650000000000000000000000000000000000000000000000000000000000000000000000050002200000;850;699;2008;2972;7,81E+11;1,00;;;;;7,00;;;;
759164;0000000000000000000181fe7cd95cc23fdf0ea1bc842388e7359ef08c4d7fb6;2:58:00;18.10.2022 2:29;190127;90013;460166;885841920;34cce000;1,10E+29;cdefd634ae9b9d5183b7f12428532b073e2507e6e93499332b8c30860fe50110;353011516;386393970;3,56E+13;0000000000000000000000000000000000000000376297e50fd4cb8f424d1e92;037c950b0466164e632f466f756e6472792055534120506f6f6c202364726f70676f6c642f0e52c7cc0000361571000000;339;281;868;935;41681429722;7,00;;;;;2,00;;;;
759165;000000000000000000049c7c6f6eccc4c96f82b10845f2b9d4ed2d16d3614c8d;3:08:00;18.10.2022 2:30;1126715;475050;2551865;536870916;20000004;1,00E+29;3e5489217374bec585b813a72b9e1d4e547337ce7da11a90caf4cf5a4147783b;2005570112;386393970;3,56E+13;00000000000000000000000000000000000000003762b84878f4b542d12ce5ec;037d950b0489184e632f706f6f6c696e2e636f6d2ffabe6d6dea83d3c5f905a6f9c9eabcfea01bcdb3525d82da76ccd0e3f61419690415857e01000000000000003e49431a0b3b595cf8c26779e89ac47012001f0d000000000000;1134;971;5406;3659;8,29E+11;2,00;;;;;10,00;;;;
759166;00000000000000000001aae393140584fa3764667d969b517ee39a7641e664ce;3:18:00;18.10.2022 2:48;1327978;595176;3113506;763666436;2d84a004;1,01E+29;7b1ed6378c08cb5ab9231513a23556a54d2f818486bcbe657f6b8c881158bbed;1195389047;386393970;3,56E+13;00000000000000000000000000000000000000003762d8abe2149ef6600cad46;037e950b2cfabe6d6d7d4a226ed2199e4948d2e80c3020b63b906a7fb5443283387c0e7969a761f06510000000f09f909f092f4632506f6f6c2f7300000000000000000000000000000000000000000000000000000000000000000000000500122b1063;1248;1064;6189;4312;2,01E+11;10,00;;;;;10,00;;;;
759167;00000000000000000000a3386dc80b307a81da106e53a95da24170b9fb1be10e;3:25:00;18.10.2022 2:49;490105;316568;1439809;549453824;20c00000;1,00E+29;42fc9c719ac548e43206cfc3979a9227f348d5adebaee8a515ad981c6f777a5b;2366102532;386393970;3,56E+13;00000000000000000000000000000000000000003762f90f4b3488a9eeec74a0;037f950b1b4d696e656420627920416e74506f6f6c38303583000b03107f9b47fabe6d6d0912fb5e1b856bffe8ea62a24ac13ba9098e61cae9bfb48a2681b0a315890db302000000000000000000ad9c72eb010000000000;828;700;2457;2498;2,75E+11;10,00;;;;;7,00;;;;
759168;00000000000000000002677819b4007991617d0f78c2c8c0e05f6bfa5cc15a2e;3:47:00;18.10.2022 2:56;1279018;904651;3992971;545259520;20800000;1,00E+29;185efc954a1ecd8e08c08ced8e264ddeea000da43b1646e9d68e966ab018740b;1884315208;386393970;3,56E+13;000000000000000000000000000000000000000037631972b454725d7dcc3bfa;0380950b0b2f4d61726120506f6f6c2f1a0100020000000300000008005499a111010000000000;1654;1367;6219;5941;1,46E+12;7,00;;;;;22,00;;;;
759169;00000000000000000005763d655b2cf02ea6e1de8d3e4560b018ad4a0b12254f;3:50:00;18.10.2022 2:58;1100005;964333;3993004;652935168;26eb0000;1,00E+29;683ea47179eef514899e67580271dfd143c68ed3cf5563d8ac7e6c5c6c256fc7;539420729;386393970;3,56E+13;0000000000000000000000000000000000000000376339d61d745c110cac0354;0381950b0494224e632f466f756e6472792055534120506f6f6c202364726f70676f6c642f0d00b6bcd101000000000000;684;571;5746;2183;6,58E+11;22,00;;;;;3,00;;;;
759170;00000000000000000006f60d309c3e394b24665cf751e90449b96eab260594ed;3:51:00;18.10.2022 3:08;1090736;969144;3998168;671080452;27ffe004;1,00E+29;13dd6430a9da53dc2d8ad9ba6fa8de005b355d2ab795d9d05d9f6da741f34f35;199531906;386393970;3,56E+13;000000000000000000000000000000000000000037635a39869445c49b8bcaae;0382950b2cfabe6d6d4eb94994ecdf4d1df25a26d0f4124eb3c7890dfdd1ef69606129cae9f5bf9b5610000000f09f909f092f4632506f6f6c2f730000000000000000000000000000000000000000000000000000000000000000000000050097900f63;527;465;6302;1097;7,17E+11;3,00;;;;;1,00;;;;
759171;0000000000000000000199a3a6e37460d037b7d2b2f8352d806db5a600d4f550;4:15:00;18.10.2022 3:18;1396551;865509;3993078;770301952;2de9e000;1,01E+29;f0c6df5e3a7c9ca4cda081ce4c2222a76f6fbcd750817ebe9757703d986e156d;2955245434;386393970;3,56E+13;000000000000000000000000000000000000000037637a9cefb42f782a6b9208;0383950b0469284e632f466f756e6472792055534120506f6f6c202364726f70676f6c642f12b54bd6000025ca33030000;1952;1604;6638;7068;1,06E+12;1,00;;;;;15,00;;;;
759172;00000000000000000000ce2478bef09afd5b368cd7c78b6996d8bb27529e6487;4:19:00;18.10.2022 3:25;1265553;909330;3993543;578674688;227de000;1,00E+29;b60265df50a02232dd184e4ffdebbf123772b0dbf7aa532361002fc78760cb5f;2904823667;386393970;3,56E+13;000000000000000000000000000000000000000037639b0058d4192bb94b5962;0384950b1362696e616e63652f37393028008d0223a1bad1fabe6d6db0559deacfcf1de8670f3beb85fc22456d7715e0cac7430596b661b5f70d46bb0200000000000000ea54000099000000;918;756;5947;9350;1,29E+11;15,00;;;;;7,00;;;;
759173;0000000000000000000598cf514e0efe92f833a125b5c890e19e13aee5d46d59;4:34:00;18.10.2022 3:47;1366783;877057;3997954;536870916;20000004;1,00E+29;764d0976ec65f8268f0c532f1f245ef368cab09efb642cbea2b6b3d1ceba8906;3602895967;386393970;3,56E+13;00000000000000000000000000000000000000003763bb63c1f402df482b20bc;0385950b2cfabe6d6d50c2c272e1ab65183ecb59230ae2d3d9e300a0fcbb2f478ffdb4f52f85a2206610000000f09f909f092f4632506f6f6c2f650000000000000000000000000000000000000000000000000000000000000000000000050026330100;1974;1492;6652;7810;1,14E+12;7,00;;;;;6,00;;;;
759174;00000000000000000004fb8b3c20b991f21b0689bf23f1ab810ee6adfcc36c14;4:41:00;18.10.2022 3:50;1146665;948668;3992669;551550976;2,00E+01;1,00E+29;dbdcd43c7e90c4e90d1d96a29c8c32c173f169f288be7c4578d9903fd732e6a9;4020702517;386393970;3,56E+13;00000000000000000000000000000000000000003763dbc72b13ec92d70ae816;0386950b0120120909092009092009059b83068332d8020000;970;747;5972;3430;3,32E+11;6,00;;;;;6,00;;;;
759175;000000000000000000064b6b6b735c23e1067ddeb82cda075870b18d8318fdd1;4:47:00;18.10.2022 3:51;1103778;963040;3992898;551550976;2,00E+01;1,00E+29;ec1f2d93021973f8bbf9068a7e76d411f916f4c3181d770636225358a50f35aa;2206085896;386393970;3,56E+13;00000000000000000000000000000000000000003763fc2a9433d64665eaaf70;0387950b04da2f4e632f466f756e6472792055534120506f6f6c202364726f70676f6c642f04202dd909d4020000000000;765;601;5843;2565;1,43E+11;6,00;;;;;1,00;;;;
759176;0000000000000000000347ede469d4c8710d7ae2f94f9216e86cdf1ba4785bf1;4:53:00;18.10.2022 4:15;1203995;929751;3993248;541065216;20400000;1,00E+29;4e4e3ffe42a4f6c4b892a8dc213ad3c7e96b0a368845e6c7fcb2d987feca8817;2910081765;386393970;3,56E+13;000000000000000000000000000000000000000037641c8dfd53bff9f4ca76ca;0388950b122f5669614254432f5472757374706f6f6c2f2cfabe6d6d1b90d7a728261081f2670909b1757195fbcbffaf6a0815bed9f428e8593e0179100000000000000010c1088e13c04da61891578a3ce17a000000000000;823;682;6523;2705;6,45E+11;1,00;;;;;2,00;;;;
759177;000000000000000000044a34fa25e97b335878e4140d272d37ad9cb3b003aa90;4:54:00;18.10.2022 4:19;1029066;611873;2864685;541065216;20400000;1,00E+29;9daaad3c2f096712f34248af2fa904855188f2b7ff0e285d4f1acafd643c5d60;4130915387;386393970;3,56E+13;000000000000000000000000000000000000000037643cf16673a9ad83aa3e24;0389950b315c20506f7765726564206279204c75786f722054656368205c0000000085ca86f15375249f00368e45f0d2000000000000;567;474;5459;1595;3,27E+11;2,00;;;;;3,00;;;;
759178;000000000000000000068f3488297b2cb2a7d997040b0ffb7a395e945023c2f7;4:56:00;18.10.2022 4:34;213621;112935;552426;640876544;26330000;1,00E+29;41f55ecb3c07ae078d07e2b64e66283b66eadb2c0b269059c0bfbd24fd91fa96;892455502;386393970;3,56E+13;000000000000000000000000000000000000000037645d54cf939361128a057e;038a950b0b2f4d61726120506f6f6c2f1a0100020000000300000008001c887600000000000000;299;245;1066;802;25898196373;3,00;;;;;28,00;;;;
759179;000000000000000000051ad07f5a11b6701fb954648b0dc44ca41c8a3d6eba92;4:59:00;18.10.2022 4:41;184075;82996;433063;654344192;27008000;1,00E+29;8a4fa54b9ab77c40533dd0cb10aaa1d7b45720b7eafa342b5ae6f8c909167443;554429195;386393970;3,56E+13;000000000000000000000000000000000000000037647db838b37d14a169ccd8;038b950b1b4d696e656420627920416e74506f6f6c3838332800b50231ee957dfabe6d6deb854c57b626746e2af7bf5214e69eeb353f226700c2837db888e9492203dabd02000000000000000000d8df4700000000000000;250;208;899;677;34623126031;28,00;;;;;1,00;;;;
759180;0000000000000000000096a4256c5590a8cc22592df2904adc7199120d8ceae2;5:27:00;18.10.2022 4:47;1556714;812283;3993563;536887296;20004000;1,00E+29;570bca2493ef12a696d2f6a8c43111879ba3b383bfd1c7aab6726596aba0f781;116070177;386393970;3,56E+13;000000000000000000000000000000000000000037649e1ba1d366c830499432;038c950b11627463636f6d383939930051033c387f71fabe6d6dc2a20223ffbfaaa65a88e3eb59b1503857eb083bd8c15a9c3989a0b570f0747b04000000000000000000711d0af6060100000000;2562;2061;7327;7992;1,55E+12;1,00;;;;;5,00;;;;
759181;000000000000000000033ea9cfde99962e5dca8f615c4c4de29fe1707855b02f;5:28:00;18.10.2022 4:53;1636768;787181;3998311;826179588;313e8004;1,10E+29;b870cc2b6e5973f596ebf027dfd784e59c7cf5aae77b0fcc619b96b42600f93a;2481040410;386393970;3,56E+13;00000000000000000000000000000000000000003764be7f0af3507bbf295b8c;038d950b2cfabe6d6d94b1012cad4a324b5b244e17849f6dd5767f43697aed7e7e0f7b60263543c86110000000f09f909f092f4632506f6f6c2f650000000000000000000000000000000000000000000000000000000000000000000000050045000000;817;718;8286;6440;1,65E+11;5,00;;;;;8,00;;;;
759182;00000000000000000003762f02227ff13dbf5dbf1959378e1ce8f94b389e066e;5:33:00;18.10.2022 4:54;1092172;520799;2654569;805298176;2fffe000;1,01E+29;2badaf1cb0622d15b7fa3676e4e8c341e3c78d38275d1c308f623a2f3f16815b;160984942;386393970;3,56E+13;00000000000000000000000000000000000000003764dee274133a2f4e0922e6;038e950b192f5669614254432f4d696e656420627920706974776f726b2f2cfabe6d6d1a5f371bccbdeb11a240a00d4ead53fea32b2ce5cce1cf5381d12e5606bdf9ef100000000000000010bab17317ae2a4f5afbfb106478f41e0000000000;996;830;5505;3080;1,17E+11;8,00;;;;;4,00;;;;
759183;00000000000000000001bba395630ec4c04b84e22edf76565323614f52398fb6;5:41:00;18.10.2022 4:56;1131590;953975;3993515;536895488;20006000;1,00E+29;d5783a844481f4b661e46043c5106c1bcaf868f6f4c6147b287499f5916d614d;2279447242;386393970;3,56E+13;00000000000000000000000000000000000000003764ff45dd3323e2dce8ea40;038f950b1362696e616e63652f3834319300b5024130302dfabe6d6da875758cd81e133c7bcda0a1c694f360adedb0b5f0f1c63656f94d1c064d2b0604000000000000006e730000b8394e00;908;740;5787;3603;9,10E+11;4,00;;;;;14,00;;;;
759184;0000000000000000000361e26cddbc9b780b97a2ab5f4e33b5fee10178bec420;5:45:00;18.10.2022 4:59;1113670;961458;3998044;674283524;2830c004;1,01E+29;b0f81686a4c9c56bed49d47921afc99ec1448462573ea180ec1e0869c3946e85;1241342989;386393970;3,56E+13;000000000000000000000000000000000000000037651fa946530d966bc8b19a;0390950b2cfabe6d6d28c888896c2b14e018862e6322e7af2d834f19fc51f52574199a7c03bcc7d00210000000f09f909f092f4632506f6f6c2f730000000000000000000000000000000000000000000000000000000000000000000000050063700c63;414;335;6140;1048;54545394569;14,00;;;;;9,00;;;;
759185;00000000000000000004dc9e64a2a68bff347937e3229bafa0d6f4234ac5f6c1;5:59:00;18.10.2022 5:27;1289279;901184;3992831;541065216;20400000;1,00E+29;fadd579c00204bafeff730e3551f369b617f1ea9b1c10c89e77883eb38729ae2;888216728;386393970;3,56E+13;00000000000000000000000000000000000000003765400caf72f749faa878f4;0391950b012012090909200909200905aa540fb3c6cc010000;1783;1491;6441;5517;1,35E+12;9,00;;;;;12,00;;;;
759186;00000000000000000004fa31ba21bf2240cad8f22ffc15ea14623b579e1932ed;6:08:00;18.10.2022 5:28;1121483;957291;3993356;816414720;30a98000;1,10E+29;ff38d29c82dbec2288eb9e60a8bb4b8b57964f0f139682fc552950d31ba4f725;3049249800;386393970;3,56E+13;0000000000000000000000000000000000000000376560701892e0fd8988404e;0392950b1b4d696e656420627920416e74506f6f6c3836362800ab014ae4d874fabe6d6db711b7e6bd6ed3d3d95461c5d2666304817d72010516acbd4485fbe700d7f6030200000000000000faa700004201000000000000;881;682;6895;2517;1,99E+12;12,00;;;;;4,00;;;;
759187;00000000000000000003145c236f96e1860baf7aa178cb6c10c4ebe412ec5cfc;6:20:00;18.10.2022 5:33;1272474;908617;3998325;939515908;37ffe004;1,10E+29;cdf9ec49da78f2247d50228b3aa3d130d5a5c3b6e82531d64a3901b7fce1b0d9;686550432;386393970;3,56E+13;0000000000000000000000000000000000000000376580d381b2cab1186807a8;0393950b2cfabe6d6d6ee8a2ba0b5aae9d53538cd4c312c86f03ded569c975fd0b945be5f29bbe7c4e10000000f09f909f092f4632506f6f6c2f6b0000000000000000000000000000000000000000000000000000000000000000000000050000e53fb8;1644;1319;7007;4710;4,67E+11;4,00;;;;;26,00;;;;
759188;00000000000000000001582c4d708e43ea51eac7ffc61d870411b9fb61958111;6:24:00;18.10.2022 5:41;1237212;918608;3993036;536870912;20000000;1,00E+29;8c9efba1dd0b9a3e360edb99ba3f409ba299fac74d374064b3e8de10ffd8528f;1875305888;386393970;3,56E+13;00000000000000000000000000000000000000003765a136ead2b464a747cf02;0394950b0488464e632f466f756e6472792055534120506f6f6c202364726f70676f6c642f12ecbed9d9c4210000000000;1068;935;5689;2845;6,56E+11;26,00;;;;;12,00;;;;
759189;00000000000000000004e0afa603d1a4b92d38dbb5dbbc2144e89eb51573022e;6:50:00;18.10.2022 5:45;1479175;839693;3998254;538968068;20200004;1,00E+29;b0fdc2f1644709ee239fb7d608977e1b317216298543df106b139f2687570a9b;1036907024;386393970;3,56E+13;00000000000000000000000000000000000000003765c19a53f29e183627965c;0395950b2cfabe6d6d6459e175bffd542aaf5e9ac504a287d446a93f0bb46c2d05d3cb341320f92d8b10000000f09f909f092f4632506f6f6c2f660000000000000000000000000000000000000000000000000000000000000000000000050016400100;2810;2320;6868;8733;2,73E+12;12,00;;;;;3,00;;;;
759190;00000000000000000004ca16a308bd84373b5009199d3d498bd7be9bbe3ce16e;7:02:00;18.10.2022 5:59;1292097;902038;3998211;536870916;20000004;1,00E+29;fd1a82245fdffd00b1476ed93b5dd9d099b13f28ca4adf1fd8ce72fd69f4e32d;975792497;386393970;3,56E+13;00000000000000000000000000000000000000003765e1fdbd1287cbc5075db6;0396950b2cfabe6d6d7ec269990b0afe11bd72a1bf5d937807a5eb745a13dea42bf8c75d15653a6f2210000000f09f909f092f4632506f6f6c2f66000000000000000000000000000000000000000000000000000000000000000000000005008b2a0000;1898;1565;6536;4941;5,49E+12;3,00;;;;;10,00;;;;
759191;0000000000000000000595ee53ee35287533aba7c5b2baa5cd38fbf8da43f997;7:05:00;18.10.2022 6:08;1050752;980856;3993320;600129536;23c54000;1,00E+29;6edcc7b1fd80c6c5ac6ba4b2056316192ad177242e7f60c8b937c57759495730;3473948281;386393970;3,56E+13;0000000000000000000000000000000000000000376602612632717f53e72510;0397950b1b4d696e656420627920416e74506f6f6c383439b201af005f2081fcfabe6d6de3233183e12c81ebb32decfc94402872bf9db2b5216b7cacbf166c6bac8d3e9802000000000000000000b71c6500000000000000;380;294;5774;918;39314839127;10,00;;;;;1,00;;;;
759192;0000000000000000000654fe877a26ceca65e9ef61fcc7bfb5dc42d791d30af3;7:15:00;18.10.2022 6:20;1238326;918339;3993343;545259520;20800000;1,00E+29;9a31c9ef5f859d972743d66be96b0450fd9b62ae47edeb0a349cea3fb823df9b;2845355378;386393970;3,56E+13;0000000000000000000000000000000000000000376622c48f525b32e2c6ec6a;0398950b1b4d696e656420627920416e74506f6f6c3930376600330162bec973fabe6d6dd08f1ebeb98d5f579a85c388a8ed9cff3e7fe925d84f2b63ddedf6a09fe2b786020000000000000062200000c22a010000000000;1608;1334;6261;4309;1,01E+12;1,00;;;;;0,00;;;;
759193;000000000000000000068d7da79c360a5e1b04b88a2ceaa9ca87b4fcb458518f;7:16:00;18.10.2022 6:24;1301763;898829;3998250;536870916;20000004;1,00E+29;fcf9a3233f864d087757b4415d2ce4f844dae9325d342bfa51c6da15fd0ea043;1416800941;386393970;3,56E+13;000000000000000000000000000000000000000037664327f87244e671a6b3c4;0399950b2cfabe6d6d830b93640cadf6d915877b1acf7a0ed8618868e7165f4226106db68cd995ae9810000000f09f909f092f4632506f6f6c2f65000000000000000000000000000000000000000000000000000000000000000000000005001da20100;821;715;5896;1775;1,52E+11;0,00;;;;;21,00;;;;
759194;000000000000000000006e9ccb1313427770b79a405d14c77f832594afe7f8cf;7:16:00;18.10.2022 6:50;1015335;992502;3992841;545259520;20800000;1,00E+29;493bf09fd04932c53790a3163a7bb8f9b0581b159d9f6403a252e664d72674a9;2358137968;386393970;3,56E+13;00000000000000000000000000000000000000003766638b61922e9a00867b1e;039a950b122f5669614254432f5472757374706f6f6c2f2cfabe6d6d737d3617a7ea3d2f97f8526d1d0c6f0e678f6504341d3e493923821315e0005f100000000000000010cf097617d23cac9a8db6c2d5da1a010000000000;47;27;3523;97;43006054690;21,00;;;;;11,00;;;;
759195;000000000000000000078f7dfd51c7c5dc16233fb7c4c67949555d63ddcd3ad5;7:37:00;18.10.2022 7:02;1565407;810902;3998113;536870916;20000004;1,00E+29;cd2063ac6260be49b96aaf18043f2f7f6ee2f3e3c97ccb9bcec56f73b4513f5e;1335717700;386393970;3,56E+13;0000000000000000000000000000000000000000376683eecab2184d8f664278;039b950b2cfabe6d6dc764bdd392e3f50e9fe66ef3f4ebc2b769d6b20d1d9d4c9a4a0c45e39062789d10000000f09f909f092f4632506f6f6c2f6d0000000000000000000000000000000000000000000000000000000000000000000000050008810000;2861;2360;7319;8444;7,87E+12;11,00;;;;;0,00;;;;
759196;00000000000000000005971e91bc147ccf6d01ebdd957750539c71925cac19d7;7:48:00;18.10.2022 7:05;1294209;899781;3993552;538624000;201ac000;1,00E+29;c526e253249cf7cf6a2d4c53d716cceaf99d5adb87b3eb76cd95a18ffad1dbd5;3411140406;386393970;3,56E+13;00000000000000000000000000000000000000003766a45233d202011e4609d2;039c950b1362696e616e63652f383233cd0015016e8fa461fabe6d6d002c7896d58d5b3e9c23403f2a323a1e6a90040ffea5acb8ff7dac5a2805ae1a0200000000000000000030ce2f09000000000000;1690;1390;6621;4619;5,09E+12;0,00;;;;;10,00;;;;
759197;000000000000000000079e7e6db979929b782014e6a70b383bedf901bda3a921;7:48:00;18.10.2022 7:15;1005726;998031;3999819;1073676292;3fff0004;1,11E+29;504c5dfab566187d094625bc9ae4abb373c6798d69ccefe5d802278ffc264c2d;851418812;386393970;3,56E+13;00000000000000000000000000000000000000003766c4b59cf1ebb4ad25d12c;039d950b04565a4e632f706f6f6c696e2e636f6d2ffabe6d6d95ff347215115c126234d67ba164345491707dd9b03801d4f7e3cb6111c310470100000000000000e579b4ec937809da9dbb151bbfdeac171200d10d000000000000;37;25;5620;66;25700524547;10,00;;;;;1,00;;;;
759198;00000000000000000003d0e40af59c25a198eeb86088d8f94dda70c7d52d8edd;7:58:00;18.10.2022 7:16;1366073;875562;3992759;585400320;22e48000;1,00E+29;02999d66058d7d51ca9cd165db118c015b3905f36c69af2da1bffaf6b97104b7;3122689151;386393970;3,56E+13;00000000000000000000000000000000000000003766e5190611d5683c059886;039e950b0b2f4d61726120506f6f6c2f1a0100020000000300000008002d6bfe00000000000000;2238;1926;6990;5804;1,39E+12;1,00;;;;;11,00;;;;
759199;00000000000000000005b9fd49dc0ec784e1c3503316800802517b02919770c5;7:59:00;18.10.2022 7:16;1080935;972338;3997949;664141828;27960004;1,00E+29;b53f79d76c72eb46e9eb89ee11375636a0adb517377a94353d09b896089bde5f;1341892912;386393970;3,56E+13;00000000000000000000000000000000000000003767057c6f31bf1bcae55fe0;039f950b2cfabe6d6d9262d2678ea87e13e2a1993b06747d749549aa22f42747526786c4eabe9fb55410000000f09f909f092f4632506f6f6c2f65000000000000000000000000000000000000000000000000000000000000000000000005004c000000;288;261;3976;861;65828534538;11,00;;;;;8,00;;;;
759200;000000000000000000035888a7587cc9e2820fa32a2fef890ed652e8e59333c6;8:10:00;18.10.2022 7:37;1171962;940540;3993582;837804032;31efe000;1,10E+29;a3c510bb81b315e90d449e79e9625a29d2f0783dfc2a9066cc9bac6de034e308;3891209247;386393970;3,56E+13;0000000000000000000000000000000000000000376725dfd851a8cf59c5273a;03a0950b11627463636f6d383938930047037650625bfabe6d6d174cb4bcc1925692249f1cae7d15257ebd03f92f22cc920ea973729a9777a2f00400000000000000f26600006901000000000000;1262;1054;6836;3654;5,50E+11;8,00;;;;;8,00;;;;
759201;0000000000000000000322294cce60690cdffa0c1fa25743bb040b0965d0952d;8:18:00;18.10.2022 7:48;1511180;827192;3992756;543162368;20600000;1,00E+29;3c37827b477480ef187f3c9f88d94ae49fab29340a9e8310b031a8bfff240192;567938162;386393970;3,56E+13;00000000000000000000000000000000000000003767464341719282e8a4ee94;03a1950b0444614e632f466f756e6472792055534120506f6f6c202364726f70676f6c642f19fdfdd048ba010000000000;2060;1643;7492;5441;3,39E+11;8,00;;;;;5,00;;;;
759202;0000000000000000000540c8ffb2ab013bb3bc7ae2852f9fc97e42a3c2370a6d;8:26:00;18.10.2022 7:48;1399525;866243;3998254;671080452;27ffe004;1,00E+29;d31d1cc4ca1fb21784ec184c12317234c7ff3a073cad7d6bf8cf0fa070ecb015;4169465219;386393970;3,56E+13;0000000000000000000000000000000000000000376766a6aa917c367784b5ee;03a2950b2cfabe6d6d61759004592698b724bb84174c10cce49bf1a7e3a87dca69a4206529c30a13f510000000f09f909f092f4632506f6f6c2f730000000000000000000000000000000000000000000000000000000000000000000000050020e10f63;1660;1381;6536;4242;4,72E+11;5,00;;;;;30,00;;;;
759203;00000000000000000001e848bfae6dcca1762ac5d3bff86179943e1cb3270cf9;8:31:00;18.10.2022 7:58;1134731;952814;3993173;536870912;20000000;1,00E+29;93b8ebf17cb0df9bf9862c30d55780ea6e573d1e5215fa483ff65e6e2319c2c6;648013744;386393970;3,56E+13;00000000000000000000000000000000000000003767870a13b165ea06647d48;03a3950b172f5669614254432f4d696e656420627920776d3330732f2cfabe6d6d5f2b72f7dcc8f3cb2efb26ba768f239ef998efb9019a4e5a1811a452894ee61810000000000000001054b38d1324570f4db4cf60cad9f6050000000000;896;765;4475;2233;6,77E+11;30,00;;;;;43,00;;;;
759204;00000000000000000002504f321ef8005506869b58d41fde1c0fb908dabd8a46;9:01:00;18.10.2022 7:59;1541116;819057;3998287;691044356;29308004;1,01E+29;c8be240a849edcf29048036e0c077d0ad214a8404ea7edee44cff43919dbf7c4;1322084641;386393970;3,56E+13;00000000000000000000000000000000000000003767a76d7cd14f9d954444a2;03a4950b2cfabe6d6d2986624dd6db6c373e3dcd438c1837012141e8b45e99cca3d17c59ca824c2c2a10000000f09f909f092f4632506f6f6c2f7300000000000000000000000000000000000000000000000000000000000000000000000500bddc0f63;3206;2764;7579;8689;4,04E+12;43,00;;;;;11,00;;;;
759205;00000000000000000000a24feb0b4fe4b369ed524fb60c18a98c5b8839b0d8e8;9:44:00;18.10.2022 8:10;1439643;852769;3997950;536870916;20000004;1,00E+29;265d61c494024a01ecd595526e377e58ce9ddcd653d45cd3610bf8a75a8f9e96;1766350189;386393970;3,56E+13;00000000000000000000000000000000000000003767c7d0e5f1395124240bfc;03a5950b2cfabe6d6df1b5d1b4e832a81e20bde5f8cd5010f3e4185c63adfa7de9f3827c106389e44210000000f09f909f092f4632506f6f6c2f6600000000000000000000000000000000000000000000000000000000000000000000000500ebfb0200;3267;2732;6572;9777;2,60E+12;11,00;;;;;6,00;;;;
759206;000000000000000000004fc3afeda5dc86d27c0af365d3cb6bd77da785f19b14;9:55:00;18.10.2022 8:18;1578487;804856;3993055;538968064;20200000;1,00E+29;e375bdd104ddb833967ef8af664752b66d93bcd0e2f85136e9ae1d56eb547d6c;3053834067;386393970;3,56E+13;00000000000000000000000000000000000000003767e8344f112304b303d356;03a6950b04f6774e632f466f756e6472792055534120506f6f6c202364726f70676f6c642f08b4acdb000064bb3a340000;3433;2965;7337;9017;4,20E+12;6,00;;;;;42,00;;;;
759207;00000000000000000001a7463251acb55d47f56a87d2acb49c642a0dc854f411;10:01:00;18.10.2022 8:26;1478264;838242;3992990;536895492;20006004;1,00E+29;1c4f685ec14b1de666a506db348191693732adc115dbb329e7692ef227b0764b;2840077748;386393970;3,56E+13;000000000000000000000000000000000000000037680897b8310cb841e39ab0;03a7950b0460794e632f53424943727970746f2e636f6d20506f6f6c2f043fdad1f2363e0000000000;2989;2260;6865;7850;4,07E+11;42,00;;;;;4,00;;;;
759208;00000000000000000004f005cd1cde8ce6c6b1c47de5978478b657e7b3b7cb6a;10:43:00;18.10.2022 8:31;1438210;851620;3993070;536870912;20000000;1,00E+29;74e6cc39b13c275d812014ec020e5a5504071b7fbe8016079328adb8550e911d;3336665097;386393970;3,56E+13;0000000000000000000000000000000000000000376828fb2150f66bd0c3620a;03a8950b0441834e632f466f756e6472792055534120506f6f6c202364726f70676f6c642f1d7d49527cb4a30100000000;3348;2784;6645;9834;1,35E+12;4,00;;;;;8,00;;;;
759209;00000000000000000003533ce871dc9d7a9f90aba72bbf9e2e0351e48270ef61;10:47:00;18.10.2022 9:01;1392621;866946;3993459;1073676288;3fff0000;1,11E+29;0a4e0cb10405c7c87872a1b3f5dd16ca6a13cd1cb09fb2b5dc9a251156055ea3;3546933832;386393970;3,56E+13;00000000000000000000000000000000000000003768495e8a70e01f5fa32964;03a9950b1c2f5669614254432f4d696e6564206279207261686d616e343330312f2cfabe6d6d8a33ae7116cd07d81e3d2f591290f3a61428c29ae81bcea3d186aa034d367ac210000000000000001024386a00a8fdc72ca91107300610000000000000;2669;2236;6979;6703;2,95E+12;8,00;;;;;6,00;;;;
759210;000000000000000000043e351b5254ccbcb65563eb43e8583990a323f4d8d609;10:55:00;18.10.2022 9:44;1497278;832074;3993500;536870912;20000000;1,00E+29;82902175f9258ed7d25af4cd9975a65719c3dab91cbc55b79c377567273a92f7;3444714489;386393970;3,56E+13;0000000000000000000000000000000000000000376869c1f390c9d2ee82f0be;03aa950b1b4d696e656420627920416e74506f6f6c3838319300ab02b12b9082fabe6d6d2fb67a5119019d0521dbc81945498a1b1dd4ab8d9a01a85727ad70b217439a6c04000000000000000000931d0abb1a0200000000;2699;2212;7549;6510;1,38E+12;6,00;;;;;9,00;;;;
759211;0000000000000000000246c8681fd63f3de97f8d1022e10cc00e0d4bed8a4d67;11:01:00;18.10.2022 9:55;1508508;828382;3993654;536879104;20002000;1,00E+29;57d5f65564faa352aba7a948927a3fc891809774aa8bfa204214e12746069f04;3867459252;386393970;3,56E+13;000000000000000000000000000000000000000037688a255cb0b3867d62b818;03ab950b1362696e616e63652f383935a8000100b3a8122b066a61786e6574201b3bf6cbca4286f70bb7dc187af7b55234ec7fcc66735062478c809b4585e344066a61786e6574976b000062a13c00;3366;2950;7615;7915;1,63E+12;9,00;;;;;33,00;;;;
759212;000000000000000000044cf83aa6c5d2612095a4292cb6a4c850f3e99b29b00b;11:10:00;18.10.2022 10:01;1296706;898952;3993562;547356672;20a00000;1,00E+29;82b20fcdba87c7592dd87d18544eb6d83615dd442d279066cc5d1f07fb1802f4;3964839964;386393970;3,56E+13;00000000000000000000000000000000000000003768aa88c5d09d3a0c427f72;03ac950b142f756c74696d75732f3738332000c900b69c4e23fabe6d6d1994c8b3632bdf935f6b6a1f021ec95d3e70c8b48345b95691ec5fb328e2059c02000000000000000000dc8be80b010000000000;1856;1518;6615;4710;1,12E+12;33,00;;;;;0,00;;;;
759213;00000000000000000001efad281db5d4b4d08992a5c5ab334fe8db1b4deec837;11:43:00;18.10.2022 10:43;1506027;829189;3993594;671080448;27ffe000;1,00E+29;f0706452c6d97af2a0d29cdb288a029b819d2edfefa5b064b0ce9c91135b73b3;2828160725;386393970;3,56E+13;00000000000000000000000000000000000000003768caec2ef086ed9b2246cc;03ad950b1362696e616e63652f38303493001f03c286ed23fabe6d6d67dc2272b2be5dd29d3a14384dd6929df2afaf98821d345f45fe70a7115360a90400000000000000000015760be4820000000000;3738;3211;6672;10777;3,70E+12;0,00;;;;;1,00;;;;
759214;00000000000000000000575896ffb029b20615d6f056b42421a7a7c44bb496fd;11:43:00;18.10.2022 10:47;1378211;871638;3993125;536952832;20014000;1,00E+29;3000b2f6c1260bae05857b32599e84e03675c321a819c8380e63dae2d9efa934;392413468;386393970;3,56E+13;00000000000000000000000000000000000000003768eb4f981070a12a020e26;03ae950b182f5669614254432f4d696e6564206279206b616d6e65742f2cfabe6d6d851ab44adc0905eb24a38587be575f8cc038ff4b7071ed770566bb2e51e80a4c100000000000000010f8b48c1391f4b05c02528a52490d020000000000;2085;1753;6987;5411;2,43E+11;1,00;;;;;11,00;;;;
759215;00000000000000000001c66ac6940dbbd2847adc896706e9c224a8bd0c07cf5b;11:44:00;18.10.2022 10:55;1077915;971812;3993351;597467136;239ca000;1,00E+29;ed4fc77ad14885a424680e3fde423d90d06a0c743de73843a63cb6d40c187b13;2918664793;386393970;3,56E+13;000000000000000000000000000000000000000037690bb301305a54b8e1d580;03af950b1b4d696e656420627920416e74506f6f6c383833b201b901c306403ffabe6d6db8418de0e6a101faca8d6faf1a9991a347275c0a1feb8fee308a7f836f7189e202000000000000000000f5424c3b000000000000;315;258;5763;725;19130497534;11,00;;;;;33,00;;;;
759216;0000000000000000000076783f8bacd2169f6adf4b32588341195334c5ab6ca0;11:55:00;18.10.2022 11:01;1293493;901609;3998320;1073676292;3fff0004;1,11E+29;b76a5f22e244a9fbb614caa4bc96b7d8be6d622f1b29bdb46a39198c67257a27;1158136299;386393970;3,56E+13;000000000000000000000000000000000000000037692c166a50440847c19cda;03b0950b2cfabe6d6d39c4436ca52651790fe129adf382863d5ebed5d9e31969ac511f6ac39e98ef5710000000f09f909f092f4632506f6f6c2f650000000000000000000000000000000000000000000000000000000000000000000000050020160000;2019;1647;6507;5240;9,30E+11;33,00;;;;;6,00;;;;
759217;00000000000000000000d6ff30f6d1356640365b14d1bbb9a24f6158ec5d09b3;12:28:00;18.10.2022 11:10;1361896;878787;3998257;671080452;27ffe004;1,00E+29;ac90c8dabc72b2af88a9bf0cbce2371f162603c4f0be785bfa6ce36f693c587f;2064675406;386393970;3,56E+13;000000000000000000000000000000000000000037694c79d3702dbbd6a16434;03b1950b2cfabe6d6d0bc6d45b751029533c716930b3a3401f4723946f6760bed19ae60ab9ce0cc8ff10000000f09f909f092f4632506f6f6c2f7300000000000000000000000000000000000000000000000000000000000000000000000500c0ba0f63;2598;2145;6674;8574;9,97E+11;6,00;;;;;0,00;;;;
759218;00000000000000000000634522f80788557ea7793a95fcce2af36b1cce866355;12:34:00;18.10.2022 11:43;1348586;883238;3998300;545259524;20800004;1,00E+29;453083b911cf39c7270513c82a931f79495c05ba117fd1550a92b8055cf349ab;2619227904;386393970;3,56E+13;000000000000000000000000000000000000000037696cdd3c90176f65812b8e;03b2950b2cfabe6d6dfd12af8c05b0b32033e431444298c872a791c43f7069b9990af2bce83a2e44f910000000f09f909f092f4632506f6f6c2f650000000000000000000000000000000000000000000000000000000000000000000000050095080000;2548;2170;6968;5984;2,43E+12;0,00;;;;;10,00;;;;
759219;00000000000000000006fdeee44c8da72a7986cf54239ba286058b8fd8aa922b;12:34:00;18.10.2022 11:43;1275729;905693;3992808;536870912;20000000;1,00E+29;ce2410545ddfe41bd7f851e80d06684a75fe51d70d2d0a1b4c47bd3ea183e539;2971311781;386393970;3,56E+13;000000000000000000000000000000000000000037698d40a5b00122f460f2e8;03b3950b315c20506f7765726564206279204c75786f722054656368205c00000000b11916b783267e9f0067c9630096010000000000;1145;860;6653;6378;3,01E+11;10,00;;;;;5,00;;;;
759220;0000000000000000000650e4e90e16677b75ad8c4a18183ec451fdcfdf822fda;12:44:00;18.10.2022 11:44;1481127;837348;3993171;536952832;20014000;1,00E+29;981c6b8e974ee9666cea397f7b8e5d80a57013961282220606b00a780f8dfae3;405090706;386393970;3,56E+13;00000000000000000000000000000000000000003769ada40ecfead68340ba42;03b4950b1362696e616e63652f38303993002900d8734550fabe6d6d4bdeb89df247b566a5b4c98a11067cd14cc911b068a0908929ad1f0a628ada840400000000000000767a000021d00f00;2997;2524;7197;7824;6,96E+11;5,00;;;;;14,00;;;;
759221;00000000000000000007c349a932ea52df0eff4616d48a7709cae18514ae2772;12:49:00;18.10.2022 11:55;1220829;924111;3993162;571990020;2,22E+07;1,00E+29;a0b30221f12be79a9b9590fed204e40347adffaa61432e0d6841328816f5c703;1776812620;386393970;3,56E+13;00000000000000000000000000000000000000003769ce0777efd48a1220819c;03b5950b07650703cada80d10000000000000051ac51421a2f736c7573682f;1046;872;6486;2729;2,38E+11;14,00;;;;;18,00;;;;
759222;00000000000000000001ac2948be79baef3ae8a71044e874861acc95590048db;13:03:00;18.10.2022 12:28;1446150;848844;3992682;764338176;2d8ee000;1,01E+29;cd44ac09b1d3805f9ac019177c0502c6b0425de93db8a7f149e628efff7331c9;3347383370;386393970;3,56E+13;00000000000000000000000000000000000000003769ee6ae10fbe3da10048f6;03b6950b0414a44e632f466f756e6472792055534120506f6f6c202364726f70676f6c642f20febf03d801000000000000;2605;2185;6843;7573;2,17E+12;18,00;;;;;19,00;;;;
759223;00000000000000000004265e68b0d79bc1fccc15a77ab9cf007b3ff054f55f04;13:21:00;18.10.2022 12:34;1476286;838866;3992884;681730048;28a26000;1,01E+29;1bcc30de5cfb3aeb7e8d664f4b23c405a4df7c036331cdd985a9ec4a2b5717a3;1832721787;386393970;3,56E+13;0000000000000000000000000000000000000000376a0ece4a2fa7f12fe01050;03b7950b0466a84e632f466f756e6472792055534120506f6f6c202364726f70676f6c642f10a5c18d8802000000000000;3182;2606;6045;9148;3,02E+12;19,00;;;;;18,00;;;;
759224;000000000000000000065404b26164d6c2b40b21b88b9dadf510d3ff56173702;13:40:00;18.10.2022 12:34;1322264;890248;3993008;538968064;20200000;1,00E+29;ff23b628c002cc2240a7c264ab564af9c78ce7baed5f91348682eae7b115e95c;2362577489;386393970;3,56E+13;0000000000000000000000000000000000000000376a2f31b34f91a4bebfd7aa;03b8950b082f5669614254432f2cfabe6d6dda88c1bf8ef9b81a5c791ea7702574c170ab52fca5f691e227c2862d55b9035f1000000000000000107c0c751791115ee5b6ed7a03204d020000000000;2515;2105;4687;16220;4,31E+12;18,00;;;;;3,00;;;;
759225;00000000000000000004d86d6231469d186360eb6e9862338cb017c883066315;13:58:00;18.10.2022 12:44;1460661;844281;3993504;542466048;20556000;1,00E+29;7c381ffb3d7e27e69ff6a253f4363e0fcd26e4c7ad4bb8bdab990d352f72fdf2;3770330237;386393970;3,56E+13;0000000000000000000000000000000000000000376a4f951c6f7b584d9f9f04;03b9950b1362696e616e63652f383638cd000101f2c47f57fabe6d6ded4f71bad62e4a3874f7a671ad24411ab5bedac5cdef094147e79ebc75a1286c0200000000000000000042597702000000000000;2964;2480;6657;10035;2,68E+12;3,00;;;;;23,00;;;;
759226;00000000000000000003c9520af84e1961ae59d2fce4b8b59cc08d51b8a18abd;14:01:00;18.10.2022 12:49;1455402;845885;3993057;755310592;2d052000;1,01E+29;800fb6555ace6df7c84b43b3aed93908a2e8702c6671b8c19e3aba87ac1e12e5;1684066344;386393970;3,56E+13;0000000000000000000000000000000000000000376a6ff8858f650bdc7f665e;03ba950b04d5b14e632f466f756e6472792055534120506f6f6c202364726f70676f6c642f04b850907e00000000000000;1626;1269;6639;3969;6,01E+11;23,00;;;;;5,00;;;;
759227;000000000000000000023408d52ee091481b73b33546dc2a50398164edddcffa;14:24:00;18.10.2022 13:03;1516799;825320;3992759;574701568;22414000;1,00E+29;849fe46eb3b117559d96c47adec10feadea671bb0c4351d7c220b15ce5c97688;1960565094;386393970;3,56E+13;0000000000000000000000000000000000000000376a905beeaf4ebf6b5f2db8;03bb950b0423b74e632f466f756e6472792055534120506f6f6c202364726f70676f6c642f1db617be0000632428030000;2295;1947;6957;7365;7,22E+11;5,00;;;;;41,00;;;;
759228;000000000000000000057a5b3fb3f20fb17b161cf8b8cc1beba804d40c3b2aef;14:29:00;18.10.2022 13:21;1635340;785795;3992725;543481856;2,06E+03;1,00E+29;aa694f38363e5790b8d065873a3f3d88a9e0944a78af4fa329e06e518b477496;842125687;386393970;3,56E+13;0000000000000000000000000000000000000000376ab0bf57cf3872fa3ef512;03bc950b0463b84e632f466f756e6472792055534120506f6f6c202364726f70676f6c642f03534b90000011e7de000000;2111;1798;7573;6024;2,77E+12;41,00;;;;;15,00;;;;
759229;00000000000000000000728b8b76fb3597d2391029572044f6db4796b182e98e;15:10:00;18.10.2022 13:40;1502662;830231;3993355;643645440;265d4000;1,00E+29;cc13cee3e115643205e8fa01d34b3b4fe4fc1a7aaaebf68b8415d1bff10da7cd;4093088783;386393970;3,56E+13;0000000000000000000000000000000000000000376ad122c0ef2226891ebc6c;03bd950b1b4d696e656420627920416e74506f6f6c383439b201af030cc2f903fabe6d6de6826b617287c4528ee46bcc3c2cd32bcd12c8f3f96b9353cda4225d3ea25f8902000000000000000000f29b365e050000000000;3156;2766;6821;11625;2,99E+12;15,00;;;;;3,00;;;;
759230;00000000000000000007e445f053c3883dad642b3bc50fb612b84eedaf447666;15:25:00;18.10.2022 13:58;1601342;798987;3998303;536903684;20008004;1,00E+29;e402fcc108f3cc90b55da1a1b2b905ea728f6c30cae6cac7763203307718a158;759850349;386393970;3,56E+13;0000000000000000000000000000000000000000376af1862a0f0bda17fe83c6;03be950b2cfabe6d6d41044d27c8c2eaa60e3ba289c9af549a16f87abd3f9fb48e3250df8021f7f5a010000000f09f909f092f4632506f6f6c2f650000000000000000000000000000000000000000000000000000000000000000000000050021118900;3607;3198;6628;10737;6,32E+12;3,00;;;;;11,00;;;;
759231;000000000000000000020e390926628c3da1de2ef35b8210b58d1163a07fb95f;15:28:00;18.10.2022 14:01;1633446;786708;3993570;1073676288;3fff0000;1,11E+29;0f742203957bddb2f5912bc1301cb19f561434c39cdd4b5df2f5b4a41740ebc2;2482803847;386393970;3,56E+13;0000000000000000000000000000000000000000376b11e9932ef58da6de4b20;03bf950b1b4d696e656420627920416e74506f6f6c38373312000102132b2205fabe6d6d7e79bba4a33beaf0348e62ac982a574a6a197b96c2d321ed91f8a31cc0d4b3f3020000000000000000004f757859000000000000;3419;2966;7748;8814;1,41E+12;11,00;;;;;9,00;;;;
759232;00000000000000000000ac41df5ed4b0978262b8c584a5932fc1d73ee7535cf9;15:39:00;18.10.2022 14:24;1379718;871066;3992916;536961024;20016000;1,00E+29;e9ea8aba709e79760a22f51f8bcc3b1e0bfe256b4436f7e8b88a64c2bff3e27d;1659094185;386393970;3,56E+13;0000000000000000000000000000000000000000376b324cfc4edf4135be127a;03c0950b04bdc84e632f466f756e6472792055534120506f6f6c202364726f70676f6c642f0f051480be270f0000000000;2229;1899;6798;6767;1,36E+12;9,00;;;;;15,00;;;;
759233;000000000000000000023ab241141d6cd0d0ea2f41295a830a6724407d450211;15:48:00;18.10.2022 14:29;1484152;836391;3993325;1073733636;3fffe004;1,11E+29;f90dcec03fee757555eedd4318551b471a00e4d68ac2919c8c88074bd3afebf0;383438073;386393970;3,56E+13;0000000000000000000000000000000000000000376b52b0656ec8f4c49dd9d4;03c1950bfabe6d6dda978333a8a6a4a54b4fdf3321378aa568efbd22268bc2fdb1fdf3cdb5d4888b010000000000000013650503eb34f9a73e00000000000001edb0481a2f736c7573682f;3328;2706;6858;9736;8,82E+11;15,00;;;;;4,00;;;;
759234;000000000000000000016ec5617c8c5210952097d7b60ecc454bb1b8cb5b44b1;16:03:00;18.10.2022 15:10;1365209;876122;3993575;545259520;20800000;1,00E+29;863f02064618c02a3f452697f9d5d5d7877416fb3dea87776588280c11e5ab72;3414754195;386393970;3,56E+13;0000000000000000000000000000000000000000376b7313ce8eb2a8537da12e;03c2950b1b4d696e656420627920416e74506f6f6c383636b201d7021f783a28fabe6d6d3aa9d7d834d0808218b89d329a85676e36124f6316daeaaf96b51304f5c3028102000000000000000000c5f9c9e3020000000000;2316;1995;6759;7910;2,96E+12;4,00;;;;;2,00;;;;
759235;000000000000000000028e330a4e7db474f0da09e682939ffa73a4b13f7f419b;16:07:00;18.10.2022 15:25;1473667;839758;3992941;541065216;20400000;1,00E+29;b9a4e2ebf6aa2485cf00a4b9a0b72b3ad91bec2dbba1835ad2e63c9b552f1bfc;2300169864;386393970;3,56E+13;0000000000000000000000000000000000000000376b937737ae9c5be25d6888;03c3950b0b2f4d61726120506f6f6c2f1a0100020000000300000008002d088b86010000000000;1722;1343;7061;4419;1,35E+12;2,00;;;;;0,00;;;;
759236;00000000000000000006dd5dde8d4d885acda54afbf5dabe7a73a7971b923291;16:09:00;18.10.2022 15:28;1475791;839138;3993205;547356676;20a00004;1,00E+29;15b8bc60799393cc974b15c6247ff1e6593dae588ff34a010086d9590272d84f;3073006871;386393970;3,56E+13;0000000000000000000000000000000000000000376bb3daa0ce860f713d2fe2;03c4950bfabe6d6dbf30a529527926fd1308e265893704fd22c43dc750ebf1fd73838e016407ad5f0100000000000000296507042e5c6901cd000000000000db28f7ae192f736c7573682f;2263;1977;8003;5221;6,31E+11;0,00;;;;;4,00;;;;
759237;00000000000000000005dc32b826b19d340c8c8b3fc89f88f9be430658ed56e6;16:09:00;18.10.2022 15:39;1533781;819713;3992920;547553280;20a30000;1,00E+29;747edebadfaffa553cf3e2b9c2338aec4702b52955f678fe88aea4197cf3b0f5;3478895698;386393970;3,56E+13;0000000000000000000000000000000000000000376bd43e09ee6fc3001cf73c;03c5950b04d4cf4e632f466f756e6472792055534120506f6f6c202364726f70676f6c642f06d88a843500000000000000;1818;1557;7783;3723;3,03E+11;4,00;;;;;4,00;;;;
759238;0000000000000000000702fe9ac61412a5b90bb737b78ac9785f030915dd015e;16:13:00;18.10.2022 15:48;1838910;717948;3992754;545259520;20800000;1,00E+29;432c1fa27591b9bbef1fdbc2be31b698c4d98258121aa4fbd24663fc6b76aa46;5527674;386393970;3,56E+13;0000000000000000000000000000000000000000376bf4a1730e59768efcbe96;03c6950b315c20506f7765726564206279204c75786f722054656368205c00000000c26eb20cd0afc15d00442ef05f1d000000000000;2013;1666;7559;5033;2,97E+12;4,00;;;;;13,00;;;;
759239;00000000000000000002f7e88c7e59eb1f04d3fe2f5faf161ed00c75ac0800cd;16:17:00;18.10.2022 16:03;1265079;909335;3993084;677060608;285b2000;1,01E+29;8696e522be86ca3a5cb13d8f8b099c3d554814b8e92706c9d322bd016b7611e6;2701782345;386393970;3,56E+13;0000000000000000000000000000000000000000376c1504dc2e432a1ddc85f0;03c7950b0485d14e632f466f756e6472792055534120506f6f6c202364726f70676f6c642f0e59554b9f00000000000000;1725;1476;6616;5176;5,36E+12;13,00;;;;;0,00;;;;
759240;00000000000000000007a76ea351ca7da13f3df8627fa09b81b4c5ddabf5bc5f;16:30:00;18.10.2022 16:07;1507545;828677;3993576;536870912;20000000;1,00E+29;315ea996f0b9b413c3da565cd14f54884656901449416d863168710d2b412b6d;2055186746;386393970;3,56E+13;0000000000000000000000000000000000000000376c3568454e2cddacbc4d4a;03c8950b1362696e616e63652f383830200097012923d4aefabe6d6db53bf13ca1012d0a814c22f9f4c53155a4b632c04cc35953175a01a105588970020000000000000000010f52f59a000000000000;2980;2533;6893;8841;1,20E+13;0,00;;;;;16,00;;;;
759241;00000000000000000005774b4efd9294cce0dc8d1d769d2ff78e96f9a32a2709;16:30:00;18.10.2022 16:09;1006667;995360;3992747;543162368;20600000;1,00E+29;0e67670cc6c3bf1e38b836323508df11e25aefa7e358ee9d340616a46a9d09fc;2238954782;386393970;3,56E+13;0000000000000000000000000000000000000000376c55cbae6e16913b9c14a4;03c9950b04a1d44e632f466f756e6472792055534120506f6f6c202364726f70676f6c642f1ce81c8847a0010000000000;69;52;5604;149;9674581426;16,00;;;;;3,00;;;;
759242;000000000000000000050212063fa5ac525ffd180aca2e20d974d96bebd159f4;16:46:00;18.10.2022 16:09;1467315;843645;3998250;593780740;23646004;1,00E+29;ec29e659e03682fdcafb57b905a90c72e3501c64ebbf78e803c9837957caa610;1727311385;386393970;3,56E+13;0000000000000000000000000000000000000000376c762f178e0044ca7bdbfe;03ca950b2cfabe6d6df79ac23810b691f059829874e46c1c6051fa4f4f8a17911896c3176bdd92aa6210000000f09f909f092f4632506f6f6c2f730000000000000000000000000000000000000000000000000000000000000000000000050046ee0e63;3047;2565;6869;9502;4,62E+12;3,00;;;;;18,00;;;;
759243;00000000000000000007bc66ae46e9faf322021e779f3be4fc76fc0c5af0d33b;16:49:00;18.10.2022 16:13;1546043;815620;3992903;683032576;28b64000;1,01E+29;e7f704d2d8785b0f84ba76b53e5546b489dcc6d09fd1b0b9d4a84f22c4acaa42;2134169386;386393970;3,56E+13;0000000000000000000000000000000000000000376c969280ade9f8595ba358;03cb950b0437d94e632f466f756e6472792055534120506f6f6c202364726f70676f6c642f1ace70697f00000000000000;1606;1313;6914;4388;2,15E+12;18,00;;;;;11,00;;;;
759244;00000000000000000002251a55102abc7f02da391cf4a435963e75e12bbfe249;17:07:00;18.10.2022 16:17;1495377;834174;3997899;1073676292;3fff0004;1,11E+29;b9bc00b1eaf13e8222128eb70053f229ded0d74c76d3049533ef1b894ad3c90b;2039897125;386393970;3,56E+13;0000000000000000000000000000000000000000376cb6f5e9cdd3abe83b6ab2;03cc950b2cfabe6d6d4704bb69fb7757c2e27111d0501ed245fcce4be8410db277fb1980fec21b89e710000000f09f909f092f4632506f6f6c2f6700000000000000000000000000000000000000000000000000000000000000000000000500f0180100;3274;2808;6579;10246;3,04E+12;11,00;;;;;11,00;;;;
759245;00000000000000000000485bb28afb6e280c7411a4919b39ba6a9833b3e53f1c;17:18:00;18.10.2022 16:30;1412023;860351;3993076;656252928;271da000;1,00E+29;3b4ca55fe7ec73fd78782e7a61262ab9b21d952b4c51bc2683aad2ca2d6024ad;1041997572;386393970;3,56E+13;0000000000000000000000000000000000000000376cd75952edbd5f771b320c;03cd950b1c2f5669614254432f4d696e656420627920726f6d616e616b6f73742f2cfabe6d6de03dd856c05d8e5df310fafbae5b250fcf32e15202e11572f89d5c0fcbe77a8a100000000000000010070e8b1346c7dfecc6f6570a5401000000000000;2477;2127;6541;7007;5,53E+12;11,00;;;;;7,00;;;;
759246;000000000000000000040b11c585382db094a2e9261d57154e7707032cf6e1c0;17:29:00;18.10.2022 16:30;1335367;886024;3993439;538599424;201a6000;1,00E+29;ebec72ec1db5a3f506bb6dff88f4971323442487246c70f6f2fbfafeed5341e3;278807077;386393970;3,56E+13;0000000000000000000000000000000000000000376cf7bcbc0da71305faf966;03ce950b1b4d696e656420627920416e74506f6f6c383732830001023e68e98cfabe6d6d81513cbb5833b5eb15356eda1513e298ab380a6dab15e8d8ee6506be2d0645f702000000000000000000de3008430300;2380;2026;6128;7528;4,01E+12;7,00;;;;;1,00;;;;
759247;00000000000000000003ae5bcdf64e15b61439a0fedd27d60cb5fdc49380d2d8;17:36:00;18.10.2022 16:46;1260686;910826;3993164;880320512;3478a000;1,10E+29;f3a7c49fbfa3aa6d6a7db952d7b5bc64b8564f547069f85b87d71f2e1a15b804;746073104;386393970;3,56E+13;0000000000000000000000000000000000000000376d1820252d90c694dac0c0;03cf950b1362696e616e63652f3830389300830340f3d139fabe6d6de218bc7c2f3c8d85ff719284f59f1d70f54ae924c041b0856faedcde85169fcd0400000000000000000099c412010000;1635;1405;6260;4794;3,40E+11;1,00;;;;;4,00;;;;
759248;0000000000000000000041e84b51edb273ec666b45947521aa11bdcc2e78354e;17:37:00;18.10.2022 16:49;1332494;886852;3993050;724582400;2b304000;1,01E+29;d5bef807f9fb92c9e7306b8024644b8da4cf037fbc349a60d7420cd41d96ca8a;4176698433;386393970;3,56E+13;0000000000000000000000000000000000000000376d38838e4d7a7a23ba881a;03d0950b045ce44e632f466f756e6472792055534120506f6f6c202364726f70676f6c642f0791717e2700000000000000;1295;1024;7002;2801;43677602956;4,00;;;;;0,00;;;;
759249;0000000000000000000417964703cc98f5241648d23a49aae67a4d0278cd6419;17:41:00;18.10.2022 17:07;1467993;841663;3992982;536870912;20000000;1,00E+29;2f825bfdfb32a84cb0e23b5c74f5f09f3a58b07e117c9d09748e8e7bb2d2689d;618390097;386393970;3,56E+13;0000000000000000000000000000000000000000376d58e6f76d642db29a4f74;03d1950b0475e44e632f466f756e6472792055534120506f6f6c202364726f70676f6c642f105d86a0d609000000000000;1660;1453;7330;3595;77646876734;0,00;;;;;1,00;;;;
759250;00000000000000000007b4b5246f1101f239323e2d1e4f51b1730c94af3f7b07;17:41:00;18.10.2022 17:18;1625802;789142;3993228;541065216;20400000;1,00E+29;103218bafa00ead294a27ccaec41720817c8ed24f36c6a9df2d0c652178e6301;3299225204;386393970;3,56E+13;0000000000000000000000000000000000000000376d794a608d4de1417a16ce;03d2950b1b4d696e656420627920416e74506f6f6c383833b201b90242c92c53fabe6d6d68092fb35d24e23c5ea6b8306ec167a9181d02afac49e78d06f36f456a59370d02000000000000000000ea0bf842020000000000;2358;1861;7647;6340;6,87E+11;1,00;;;;;7,00;;;;
759251;0000000000000000000134a16d47621234f4f4b5b16a646b61ea4eef283c4d42;17:42:00;18.10.2022 17:29;1213366;926644;3993298;536870912;20000000;1,00E+29;3c109c7ae5cc363c8d9f8ea1b7527ec568bcecca6e8634cb2cc587284b9c48e6;291200113;386393970;3,56E+13;0000000000000000000000000000000000000000376d99adc9ad3794d059de28;03d3950b1462696e616e63652f3739302000b50142f45b8a01fabe6d6dc9be13997796704aec78fe436a1d2d2a827ba62e37effa1c769fc96c9f6c5c6d02000000000000008dd900005c1d0100;299;247;4190;1135;16087354223;7,00;;;;;10,00;;;;
759252;00000000000000000000f289f3c4d99856b04aa069f02b8fb2f45495402e3197;17:49:00;18.10.2022 17:36;1456148;845745;3993383;536887300;20004004;1,00E+29;876fce16e9932cc59933be353995a734e4143d52280eaeb4ff1d65ee3aa1000f;209822688;386393970;3,56E+13;0000000000000000000000000000000000000000376dba1132cd21485f39a582;03d4950bfabe6d6d90a6d94a365860a3f25ea95efdd83def532e93e8a6aff2c2c60469ede2520cbe010000000000000013650503ed98c0b478040000000000ec6a094d1a2f736c7573682f;1697;1383;6386;4894;3,16E+12;10,00;;;;;18,00;;;;
759253;00000000000000000005162a87adf13d55e9d07f32048e693a59ccdc1c41bc32;17:59:00;18.10.2022 17:37;1313267;894973;3998186;1073733636;3fffe004;1,11E+29;b31d27e052b89696c7ade842997c813500639dbfa3094b3e685862b0347839d1;452558082;386393970;3,56E+13;0000000000000000000000000000000000000000376dda749bed0afbee196cdc;03d5950b2cfabe6d6d5a367686cc799c58a55f8456605b5c4d5901a4ba1acf5395c58c4da7cfe8802910000000f09f909f092f4632506f6f6c2f6500000000000000000000000000000000000000000000000000000000000000000000000500f1040000;1901;1612;6199;6026;4,79E+11;18,00;;;;;2,00;;;;
759254;0000000000000000000504b30da28c23243e363cb738d49a288bdca50ad44714;18:17:00;18.10.2022 17:41;1425959;855794;3993341;810442752;304e6000;1,10E+29;70e388ff91b228fee566e3dd2e2509b031a930e37423c1bca8a3e6e17e579073;1880084600;386393970;3,56E+13;0000000000000000000000000000000000000000376dfad8050cf4af7cf93436;03d6950b1c4d696e656420627920416e74506f6f6c383636b201d7014f5b675101fabe6d6dcff932d450f97890112fba63292304eb8ba35c0ce33e8596dc87d301e377490202000000000000000000c65b8102000000000000;2494;2170;6639;7790;2,70E+12;2,00;;;;;21,00;;;;
759255;00000000000000000002b58f391fb39cf322a0b6c7153f3dc63169352cde9519;18:19:00;18.10.2022 17:41;1101145;963969;3993052;576438276;225bc004;1,00E+29;e115f42713ba53096aee72e1c1cfd361d752a03031417d686f51cc7bd5072f25;1534984306;386393970;3,56E+13;0000000000000000000000000000000000000000376e1b3b6e2cde630bd8fb90;03d7950bfabe6d6dbe79884f3d6ae9874e7043f8ae5afad199d4352034c04c0187e31e9e35b7d5860100000000000000036505045b7dac50000000000000009069194e1a2f736c7573682f;666;478;6632;2634;1,84E+11;21,00;;;;;4,00;;;;
759256;000000000000000000055cfc021934a1c6a121b17738a37e18af66e7cb2c7c8c;18:40:00;18.10.2022 17:42;1568275;808249;3993022;549912576;20c70000;1,00E+29;dfb4cbf9475ef317283d5c1b756d3d6abf59f54713db781505cf5d3e3a55dda0;2403056504;386393970;3,56E+13;0000000000000000000000000000000000000000376e3b9ed74cc8169ab8c2ea;03d8950b0b2f4d61726120506f6f6c2f1a0100020000000300000008010222b3b8c30200000000;3361;2913;6686;11340;3,11E+12;4,00;;;;;3,00;;;;
759257;00000000000000000006a3a6fda6c2d369cf79a1348e98f553db6e36f1f7d5af;18:44:00;18.10.2022 17:49;1541498;817302;3993404;666689536;27bce000;1,00E+29;ac36f4eac5633476db0dd73ee480ff5421bc7f7b831ea05947317712fb90de8b;1670084716;386393970;3,56E+13;0000000000000000000000000000000000000000376e5c02406cb1ca29988a44;03d9950b1b4d696e656420627920416e74506f6f6c3930376600470359472eedfabe6d6d51b09bb2bba2b137a07cdf7f160003972f1936f2add37317d64b989fa2ab4adb020000000000000000010f8ca800000000000000;2454;2042;7199;6343;1,83E+11;3,00;;;;;21,00;;;;
759258;000000000000000000075ab276aeb5c9030b475a34d4913710b59e7bd89b922f;18:47:00;18.10.2022 17:59;1217999;925127;3993380;536985600;2001c000;1,00E+29;4e3faeba014b779ad852415bcba8ecc054775a09468ec614bfe0121f14119733;2543606435;386393970;3,56E+13;0000000000000000000000000000000000000000376e7c65a98c9b7db878519e;03da950b1362696e616e63652f38313693006f015a36ba82fabe6d6d3dce7d810b45e6be605654b62294ecceecdca306d18170899bff50255f4afec90400000000000000fe440000230b0800;779;669;6213;2013;1,11E+12;21,00;;;;;1,00;;;;
759259;00000000000000000005a6e5c1f528a57ae6f09ee2fd89e1a0e524b5429190c2;19:08:00;18.10.2022 18:17;1547082;815328;3993066;563363840;21944000;1,00E+29;7b0f2c1dc5c3cc0e2275c451efcb898325a718270a66ef8e9b292012b64461d1;2769321336;386393970;3,56E+13;0000000000000000000000000000000000000000376e9cc912ac8531475818f8;03db950b04a6f94e632f466f756e6472792055534120506f6f6c202364726f70676f6c642f18ba3049e802000000000000;3327;2819;6642;11094;4,11E+12;1,00;;;;;20,00;;;;
759260;000000000000000000013ce483ef92f59cdf259e5a74e3afa364ffbbfcdfc597;19:09:00;18.10.2022 18:19;1232339;920159;3992816;549453824;20c00000;1,00E+29;41614e6037e61d8df0489fff2619349a03dad6feb495cb53326d6f095d3d46ef;1163800146;386393970;3,56E+13;0000000000000000000000000000000000000000376ebd2c7bcc6ee4d637e052;03dc950b04dcf94e632f466f756e6472792055534120506f6f6c202364726f70676f6c642f12b42eac000035a95e790100;846;746;6211;2956;6,04E+11;20,00;;;;;0,00;;;;
759261;00000000000000000000dd17261c8ea0beedbf76a1bd8fab3417bf97a9e94740;19:29:00;18.10.2022 18:40;1539406;817856;3992974;834134020;31b7e004;1,10E+29;366278d52ce5a30cc109165f360e572d9db5a8a5f751aa644c5a739ccf00acc0;3985086095;386393970;3,56E+13;0000000000000000000000000000000000000000376edd8fe4ec58986517a7ac;03dd950bfabe6d6df8eff7beedc1239828aaa2ee202f0b48145422ef9b4300f9c1d81f144fc40749010000000000000013650803bd09360000000000000000fa279c501a2f736c7573682f;3494;3001;6700;11170;3,15E+12;0,00;;;;;23,00;;;;
759262;00000000000000000000f1e8f3678bfbb2b63a49b47304c14462d7a07b6ca4ce;19:29:00;18.10.2022 18:44;366;366;1464;1073676292;3fff0004;1,11E+29;07ada1d5b2927ed5eb923b72207f84b5a55326a6fc6a627d90d65c7348dfb334;3776271725;386393970;3,56E+13;0000000000000000000000000000000000000000376efdf34e0c424bf3f76f06;03de950b2cfabe6d6d485adb90d4536678349f8ed17a417f072fe3e9ff8427d78ccbb534fde45cb81610000000f09f909f092f4632506f6f6c2f6500000000000000000000000000000000000000000000000000000000000000000000000500b2010000;1;0;1;3;0;23,00;;;;;12,00;;;;
759263;00000000000000000004a9213fffd84b4e09605bca0168faeb755ac99454425d;19:52:00;18.10.2022 18:47;1488248;836688;3998312;536928260;2,00E+07;1,00E+29;eed7b3f3a232a4eeae187bfb5aecbf4b949813c5cdc03143e55b4c81020ab561;687822870;386393970;3,56E+13;0000000000000000000000000000000000000000376f1e56b72c2bff82d73660;03df950b2cfabe6d6deea888ab4477ac286fc53656feb8dbfb1b627a8c330ac1a8041f7a93f3f478d010000000f09f909f092f4632506f6f6c2f6700000000000000000000000000000000000000000000000000000000000000000000000500d04c0000;3405;2951;6293;12022;5,70E+12;12,00;;;;;1,00;;;;
759264;00000000000000000006233ac4668645a77c2647e50121a3836653d533cd8dad;20:04:00;18.10.2022 19:08;1267429;908696;3993517;743514112;2c512000;1,01E+29;b1150efaf5a1157d8f99a36347ddcef89d8081110f2cab3ff9ab958cb94179aa;2072659533;386393970;3,56E+13;0000000000000000000000000000000000000000376f3eba204c15b311b6fdba;03e0950b1b4d696e656420627920416e74506f6f6c383636b201d70275cada0bfabe6d6daf07337eb2eb593d80cbdc8efcddc0dcc23654458330fd94c6c6f5c41a69c467020000000000000000000b9cb701000000000000;1898;1627;6800;6054;4,67E+12;1,00;;;;;22,00;;;;
759265;000000000000000000043e9ab124941dac5d42f7c1834d7c29d700e9b4d990cc;20:05:00;18.10.2022 19:09;1189088;934615;3992933;590995456;2,34E+03;1,00E+29;5f171f4859f5ae9673ef0d15d040bab79764081d93b03ffde6d9d2381ef86489;708044812;386393970;3,56E+13;0000000000000000000000000000000000000000376f5f1d896bff66a096c514;03e1950b0b2f4d61726120506f6f6c2f1a010002000000030000000801880e5c53050000000000;1193;981;6121;2821;1,33E+11;22,00;;;;;0,00;;;;
759266;0000000000000000000799ea811bc38433340b070f044c71d4d5f606b0dcd8da;20:27:00;18.10.2022 19:29;1450227;847659;3993204;536879104;20002000;1,00E+29;7e58c5707daf0fe49d43b27e56c726b82c70fb93189a829f34ce7090f553fb59;1951067352;386393970;3,56E+13;0000000000000000000000000000000000000000376f7f80f28be91a2f768c6e;03e2950b1362696e616e63652f383235930097007de0c249fabe6d6dd506cf39762b0eaa88c337a8e53d7d8b9ba526cdd191f07c927dfe8f2c61a0e7040000000000000065c90000a45bd400;2811;2491;7015;9410;2,90E+12;0,00;;;;;3,00;;;;
759267;0000000000000000000005550e963c8783b41f4e2879dc8f28a613fbcb1e887f;20:27:00;18.10.2022 19:29;1392444;866875;3993069;712638464;2a7a0000;1,01E+29;a2b3b9fb2d14a2c46770c75cfa9b0f42db46b6028c772b34924df488c7082bc7;606483783;386393970;3,56E+13;0000000000000000000000000000000000000000376f9fe45babd2cdbe5653c8;03e3950b043d0c4f632f466f756e6472792055534120506f6f6c202364726f70676f6c642f110d9acb1900000000000000;1863;1549;7341;4674;2,58E+11;3,00;;;;;12,00;;;;
759268;000000000000000000014c9df093fa19203c26d07dd5df94103759956c57a5a5;20:30:00;18.10.2022 19:52;1111746;960331;3992739;783466496;2eb2c000;1,01E+29;089ca6da4dc79bf69b2b7375eff5de5385abfe402cd9cff28154e07cf7e82f4b;3386175040;386393970;3,56E+13;0000000000000000000000000000000000000000376fc047c4cbbc814d361b22;03e4950b04db0c4f632f466f756e6472792055534120506f6f6c202364726f70676f6c642f20febc767e00000000000000;684;567;5842;1910;2,35E+12;12,00;;;;;2,00;;;;
759269;00000000000000000003b6087c71f20e3dcf0c0ad46c5d9a3b922b603719168d;20:42:00;18.10.2022 20:04;1599858;797812;3993294;790487044;2f1de004;1,01E+29;d39cd01dc9cf7673ffbb98c826a5da327863a047be3fcccd45cce3f5ff74577e;2673202557;386393970;3,56E+13;0000000000000000000000000000000000000000376fe0ab2deba634dc15e27c;03e5950bfabe6d6d526c81c1a76760240c4e041e21f97cbcce4b0e675a9d0a412af883827d059207010000000000000009650805c724eea0010000000000003fcf4747122f736c7573682f;2579;2201;7508;7601;3,57E+12;2,00;;;;;3,00;;;;
759270;000000000000000000051e51b00fdfdd4dc9faa69f53de9e7d17e5ade0557ea5;20:44:00;18.10.2022 20:05;1431384;853982;3993330;541065216;20400000;1,00E+29;18580e8d4c2dc5517397e497549cbcb2c37147860270b73fdea110a6d6dadfd5;1735912506;386393970;3,56E+13;00000000000000000000000000000000000000003770010e970b8fe86af5a9d6;03e6950b1b4d696e656420627920416e74506f6f6c383439b201af02841bbbb7fabe6d6d7e919c7c935b5151115fab203eb9891f3b84bab480e0558eb1d5e30b6dbd24bd020000000000000000009a8ec808020000000000;2287;1735;7399;4857;8,73E+11;3,00;;;;;1,00;;;;
759271;00000000000000000005f5eaf44c4fe3fbb96f2fe0d8c315bc210f182e492d97;20:47:00;18.10.2022 20:27;1375675;872595;3993460;1073733632;3fffe000;1,11E+29;e3e44360ef99ec2d6577a01d2e90a479088e57b71df577d3fc749c1b592b29fc;480996505;386393970;3,56E+13;000000000000000000000000000000000000000037702172002b799bf9d57130;03e7950b11627463636f6d38383793001501851dd6eefabe6d6d318862e58da2e27dcc9d6e6ac5c75e105a0b0fe475e8e79c6e46b30ba4258bc704000000000000000000905c5b0c000000000000;1700;1357;5719;6811;5,97E+11;1,00;;;;;2,00;;;;
759272;000000000000000000052495462a6cf73850870fd09101fb19e19b85d513dc61;20:48:00;18.10.2022 20:27;1088945;968203;3993554;536879104;20002000;1,00E+29;7808714a327c79db018f0617f6b519984b90d315b3e44f78b577e2b69ec4dcc9;1827860082;386393970;3,56E+13;0000000000000000000000000000000000000000377041d5694b634f88b5388a;03e8950b1b4d696e656420627920416e74506f6f6c3930309301c30185523e24fabe6d6d1978c5fb1bd0a29df70720195075dcb278f21ec3e0218226b1a13ba52272a270040000000000000000000e33552b0a0000000000;222;175;3842;535;50134132858;2,00;;;;;17,00;;;;
759273;0000000000000000000696723ccc37076e1c70a8c814d201db8a226166eae939;20:50:00;18.10.2022 20:30;1581476;806117;3999827;536928260;2,00E+07;1,00E+29;c1bafb19de3da650b41c1f37775502808908c2cec9bf767b306b0501cf793b29;743031996;386393970;3,56E+13;000000000000000000000000000000000000000037706238d26b4d031794ffe4;03e9950b048c114f632f706f6f6c696e2e636f6d2ffabe6d6dcd86fd22e65b27d3440c2c8a6395cde40674ae250f9090f3597cb25e78ffef5b0100000000000000db1cba01dd8e26da22085d61d006ec301100fb2e000000000000;839;678;6627;2066;5,71E+11;17,00;;;;;8,00;;;;
759274;0000000000000000000148ac35055aef5c67ac5adbe63cde49a25351666ce92f;21:07:00;18.10.2022 20:42;1391571;867332;3993567;536895488;20006000;1,00E+29;8e28766a075bcaf76e4b0d119fcf81dbb9df292756a30d360f54cc6d6704413d;1856727869;386393970;3,56E+13;00000000000000000000000000000000000000003770829c3b8b36b6a674c73e;03ea950b1b4d696e656420627920416e74506f6f6c383731830029008c623a98fabe6d6de7c8aa0a88803e0e06b18fb430034a13174f1a9cdb7b842c561125a9197a95b10200000000000000432e0000dde3a70000000000;2706;2266;6556;8833;2,64E+12;8,00;;;;;32,00;;;;
759275;00000000000000000006c9556493f622f4aa2ac63ef2beb388e63bc51d350ac4;21:15:00;18.10.2022 20:44;1237015;918597;3992806;543162368;20600000;1,00E+29;32e152fef36886cd67480e5a6c45e932a0d3fcdb05fe13ab2fcac311c4202164;3716109933;386393970;3,56E+13;00000000000000000000000000000000000000003770a2ffa4ab206a35548e98;03eb950b048d174f632f466f756e6472792055534120506f6f6c202364726f70676f6c642f1151fbd100002678dfb30000;1534;1293;6085;5083;2,01E+12;32,00;;;;;24,00;;;;
759276;00000000000000000003967eb31d548309af7fcb477da0f5ac1b1d43a510985c;21:47:00;18.10.2022 20:47;1476380;838848;3992924;939515904;37ffe000;1,10E+29;0b733c10139b77949475b8b40f05e450eae88a006234b592a0d162bd69f3551b;174494404;386393970;3,56E+13;00000000000000000000000000000000000000003770c3630dcb0a1dc43455f2;03ec950b1b2f5669614254432f4d696e65642062792070626879656b7773652f2cfabe6d6dc71fc36f22ca70ec5f6c49db5303f0b2924778246abd70d6362c3094aff6fad01000000000000000100710721787b1fb18a6a0d3fec781d20000000000;3678;3116;6494;12200;7,44E+12;24,00;;;;;14,00;;;;
759277;00000000000000000004e47e1713ef5175114d1d678106f1965691c8f80db638;22:11:00;18.10.2022 20:48;1359036;879677;3998067;545259524;20800004;1,00E+29;cfdeb4845d011ed1a035384db5fb7fc933d1db17116e6ae1d9a5977683724404;502622476;386393970;3,56E+13;00000000000000000000000000000000000000003770e3c676eaf3d153141d4c;03ed950b2cfabe6d6d9de540fe91a05a4bfaaa494c4adf08e0024da2a4ba0732754bde352bc089a2f410000000f09f909f092f4632506f6f6c2f7300000000000000000000000000000000000000000000000000000000000000000000000500d4280400;2878;2402;6341;9646;6,50E+12;14,00;;;;;0,00;;;;
759278;000000000000000000043c815ccf8cc2f167564065c025f40734d2bfdf4f5784;22:25:00;18.10.2022 20:50;1233767;919930;3993557;602832896;23ee8000;1,00E+29;543c13042f16fceaea161a91c003893f49fe372f3579e2a7ef9a3bc42aa98ac2;2823575870;386393970;3,56E+13;000000000000000000000000000000000000000037710429e00add84e1f3e4a6;03ee950b1362696e616e63652f383437cd001f01a81995d3fabe6d6d692e3265d3e3dbe66fae883e82451f29bcadcc388a7b7c189390b66a8e41fcde02000000000000000000d400d301000000000000;1748;1454;6534;5857;8,94E+11;0,00;;;;;4,00;;;;
759279;00000000000000000003c78ae4f299bb382b3a10af6f426afdff60eb424d2d9d;22:25:00;18.10.2022 21:07;1505788;829254;3993550;803381248;2fe2a000;1,01E+29;2946b8b9c14b70498deb2d58d86d9afd03809ff29c7ae96c2d4b8d08b6125d2b;1406638188;386393970;3,56E+13;00000000000000000000000000000000000000003771248d492ac73870d3ac00;03ef950b1b4d696e656420627920416e74506f6f6c383834b201cd02a85b66f4fabe6d6d373a461ca4e37b9f93f8179eb8f6e22d412b7cfb0aa8b46ea46c90a819f0510b020000000000000000008ade4139000000000000;2358;1996;7187;8261;3,96E+11;4,00;;;;;10,00;;;;
759280;000000000000000000000852c07483f22ebdf7244d5d56b1a502b5d3737af543;22:29:00;18.10.2022 21:15;1096778;965301;3992681;552255488;20eac000;1,00E+29;ecffef6b4f26d7ae7a5dd9866b405a574770c5443692a5a52a1ece90356731a3;521867116;386393970;3,56E+13;0000000000000000000000000000000000000000377144f0b24ab0ebffb3735a;03f0950b04b4284f630820003b0a610000000a2f70656761706f6f6c2f;732;617;5817;2214;89385839472;10,00;;;;;13,00;;;;
759281;0000000000000000000761d51b815b4cd330873c89ea3e12a29a56f7825c7522;22:39:00;18.10.2022 21:47;1460230;844277;3993061;549453824;20c00000;1,00E+29;9f8e4d07e18a915a48392ec8ed64aae3cb1657a12b99b2931f08fd537b3f1302;3636828427;386393970;3,56E+13;0000000000000000000000000000000000000000377165541b6a9a9f8e933ab4;03f1950b042b2b4f632f466f756e6472792055534120506f6f6c202364726f70676f6c642f1063e3b66fae010000000000;1722;1467;6230;5522;4,21E+11;13,00;;;;;5,00;;;;
759282;000000000000000000067a2669a16bf71c7e24c550157b0fbe3c6059227ea22e;22:52:00;18.10.2022 22:11;1306980;895449;3993327;1073733632;3fffe000;1,11E+29;a8bdd15f44d4d1ebedf1cf7824c86d6c12102fef79cbec15995aafcf8eb030c0;2867171668;386393970;3,56E+13;0000000000000000000000000000000000000000377185b7848a84531d73020e;03f2950b1362696e616e63652f38303493001f03b1e5ea2ffabe6d6dfc8680aa89f8e1cf49cbd5175d95edac84722b7880aed46d0732f19eb1ab0374040000000000000000007362fac7000000000000;1698;1441;6093;6140;3,22E+11;5,00;;;;;3,00;;;;
759283;00000000000000000005a27980bcea607b67d1b62552d043a2c66a771f34173c;22:57:00;18.10.2022 22:25;1451442;848856;3998010;545259524;20800004;1,00E+29;8684d8dc39f0f36acb8d6009618f581c96cbd4452c1ed651e5c4a165e84f36c5;1836564115;386393970;3,56E+13;00000000000000000000000000000000000000003771a61aedaa6e06ac52c968;03f3950b2cfabe6d6dfd2b6f0a12ad3efd00ef60429de7acdd11de3a6fe2b37d64d0711948198d965710000000f09f909f092f4632506f6f6c2f73000000000000000000000000000000000000000000000000000000000000000000000005001bd90100;2629;2037;6967;6531;1,33E+11;3,00;;;;;10,00;;;;
759284;000000000000000000067f5f38b2ec017093e60820af1a4ff739bcf03c022398;23:00:00;18.10.2022 22:25;1666501;775466;3992899;689160192;2913c000;1,01E+29;efe2e7c4210203153258d1c17097b1f42721b558b0548060c3561ab62cd6115c;3102588277;386393970;3,56E+13;00000000000000000000000000000000000000003771c67e56ca57ba3b3290c2;03f4950b0b2f4d61726120506f6f6c2f1a01000200000003000000080017fa6200000000000000;2047;1774;7186;8801;1,02E+11;10,00;;;;;4,00;;;;
759285;000000000000000000052aa662cee6d3211681fad015b5542048b63ad4213025;23:10:00;18.10.2022 22:29;1263151;909963;3993040;790011904;2f16a000;1,01E+29;8950dbfb2056a09ff8ee7b23ad279712566f1f4ef43a15953f29ca63a5a2ad24;244837910;386393970;3,56E+13;00000000000000000000000000000000000000003771e6e1bfea416dca12581c;03f5950b0475324f632f466f756e6472792055534120506f6f6c202364726f70676f6c642f1ab6625500000f426b010000;1408;1189;6194;5086;2,32E+11;4,00;;;;;4,00;;;;
759286;000000000000000000047783a5b4beb4cdba2d1c3c3cabc3c31a37a4fc9c1ce2;23:14:00;18.10.2022 22:39;1091888;967158;3993362;616275968;24bba000;1,00E+29;934ca6f000a2eec24d511b20889afadadee8328f75d2bbbfb2b141abe9722c79;1037028952;386393970;3,56E+13;000000000000000000000000000000000000000037720745290a2b2158f21f76;03f6950b1362696e616e63652f38383020009703b9a8c10dfabe6d6ddd9d5d1b75bce0e38edc3e1daf1389558c807a3a43706f1fa6fc73d3a3ba2f9302000000000000000000fbdd9000000000000000;620;518;5728;2240;1,61E+11;4,00;;;;;1,00;;;;
759287;00000000000000000001b2457af25437f2f2c8b73a147889474323c347fe01c4;23:18:00;18.10.2022 22:52;1325524;889316;3993472;536895488;20006000;1,00E+29;0b11aeb4be2460532654d4b0493c9eb607d1a61c372cf5cec7a20b10d84658f3;465030167;386393970;3,56E+13;0000000000000000000000000000000000000000377227a8922a14d4e7d1e6d0;03f7950b1362696e616e63652f3739302000b501bafaa98dfabe6d6dc372a9e0588a55c74d8c0041d9ca437732e094237c660054aab0e3eeb15ce1c5020000000000000000001795579d0600;1108;925;6563;2820;9,54E+11;1,00;;;;;11,00;;;;
759288;0000000000000000000020e4a7757b3e66172b79f7517c16aa6a3ec93176a458;23:19:00;18.10.2022 22:57;1679757;771082;3993003;547356672;20a00000;1,00E+29;1018d79e7a5de1cd43b730974423eb11cbc38c946516f8f3c719f9773d7e8abb;2567093043;386393970;3,56E+13;00000000000000000000000000000000000000003772480bfb49fe8876b1ae2a;03f8950b0468344f632f466f756e6472792055534120506f6f6c202364726f70676f6c642f19b47c6b00001e8f0e5a0100;1426;1260;8660;4131;74818740681;11,00;;;;;23,00;;;;
759289;0000000000000000000443ad061903893642e4357f1c7760746d0aa515419162;23:30:00;18.10.2022 23:00;1609391;794538;3993005;806133760;300ca000;1,10E+29;5a062078e44f71395678bd2e4eae23c76d64324ca7236982da52f32d1afeb2d8;3452961128;386393970;3,56E+13;00000000000000000000000000000000000000003772686f6469e83c05917584;03f9950b315c20506f7765726564206279204c75786f722054656368205c000000004bebeb7d5a92841c006a566c7a04000000000000;2056;1724;7505;6723;3,96E+11;23,00;;;;;;;;;
759290;00000000000000000003b846ec4efdda83da8177f89aa05d462bdd5cf6d7e9f5;23:53:00;18.10.2022 23:10;1487542;836920;3998302;789929988;2f156004;1,01E+29;6aab078b5b12b4c7c2293d1fac8739faa6ba7873e835e3a86b4e0dde3d0d88f1;2132986488;386393970;3,56E+13;0000000000000000000000000000000000000000377288d2cd89d1ef94713cde;03fa950b2cfabe6d6dd3d2bd0f397e329509ac3ec239594efe61b8cf50bf37363a4f5c880efe40012f10000000f09f909f092f4632506f6f6c2f7300000000000000000000000000000000000000000000000000000000000000000000000500ca511463;3162;2684;6570;10995;7,12E+11;#ЧИСЛО!;;;;;;;;;
